osm_id,osm_type,name,amenity,latitude,longtitude,city
492087555,node,Moro Lejar,restaurant,-7.6620048,110.433102,yogyakarta
1358364183,node,Jambon Resto,restaurant,-7.7607904,110.3449942,yogyakarta
1360229988,node,Restoran Taman Pringsewu,restaurant,-7.7284566,110.3637196,yogyakarta
1362917046,node,Kantin Calsita,restaurant,-7.7637956,110.4100903,yogyakarta
1366438104,node,Gadri,restaurant,-7.806386,110.3628846,yogyakarta
1367963619,node,Prambanan Garden Resto,restaurant,-7.7504676,110.4943715,yogyakarta
1543788455,node,Bakso Malang Pak Slamet,restaurant,-7.5359528,110.602501,yogyakarta
1543788456,node,Bakso Malang Pak Slamet,restaurant,-7.5377098,110.6060732,yogyakarta
1640337574,node,Kedai Kebun,restaurant,-7.8181527,110.362733,yogyakarta
1640337576,node,Lotus Garden,restaurant,-7.8200546,110.3711402,yogyakarta
1651517245,node,warung makan laris manis,restaurant,-7.5213174,110.5403892,yogyakarta
1697828567,node,Kopi Jos,cafe,-7.788877,110.365722,yogyakarta
1748289552,node,RM Padang AMBO,restaurant,-7.7659179,110.3794555,yogyakarta
1748289570,node,RM Padang Lima Sekawan,restaurant,-7.7659964,110.3799566,yogyakarta
1769351619,node,Ayam Goreng Pak Parman,restaurant,-7.7343365,110.3934698,yogyakarta
1769351631,node,Kedai 24,cafe,-7.7340935,110.3931782,yogyakarta
1769351633,node,Soto Pak Jamal,restaurant,-7.7342307,110.3937036,yogyakarta
1769537992,node,Jimbaran Resto,restaurant,-7.7310313,110.3811303,yogyakarta
1769538005,node,Iga Sapi Bali,restaurant,-7.7310099,110.383584,yogyakarta
1769538007,node,Rumah Makan Khao Pad,restaurant,-7.7328141,110.3848526,yogyakarta
1769543339,node,Bebek Tepi Sawah Jogja,restaurant,-7.7306551,110.3800023,yogyakarta
1769543344,node,Rasane Seafood & Ikan Bakar,restaurant,-7.7302118,110.3789859,yogyakarta
1769543347,node,Mr. Crab's,restaurant,-7.7344513,110.394133,yogyakarta
1769558717,node,Bakso Pak Supri,restaurant,-7.7728708,110.3916278,yogyakarta
1847521134,node,hartz chiken buffet,restaurant,-7.7616672,110.3615705,yogyakarta
1847529931,node,restoran kelapa gading,restaurant,-7.7496428,110.3618375,yogyakarta
1847960216,node,Cafe league,cafe,-7.7342549,110.3628321,yogyakarta
1847980164,node,Soto Pak Mustofa,restaurant,-7.7441259,110.3622876,yogyakarta
1847989065,node,RM Menara Kudus,restaurant,-7.7482705,110.3625878,yogyakarta
1847989864,node,Bakmi Jombor,restaurant,-7.7484553,110.3625565,yogyakarta
1847989869,node,bakmi Jombor,restaurant,-7.7481109,110.3625536,yogyakarta
1848017150,node,LIQUID,cafe,-7.7560164,110.3622366,yogyakarta
1895824892,node,Bakso Baskom,restaurant,-7.8274524,110.4381163,yogyakarta
1987943600,node,,cafe,-7.7979751,110.3815222,yogyakarta
2037736007,node,"Soto Bathok ""Mbah Joyo""",restaurant,-7.7831728,110.4449559,yogyakarta
2102342687,node,Bu Ageng,restaurant,-7.8182738,110.3642203,yogyakarta
2411872249,node,warung oncor asli,restaurant,-7.7876154,110.3660367,yogyakarta
2419653114,node,Terang Mulyo,restaurant,-7.8125926,110.3687072,yogyakarta
2419661766,node,lie djong,restaurant,-7.8025789,110.3691254,yogyakarta
2433751816,node,Sendang Ayu,restaurant,-7.760779,110.4762948,yogyakarta
2504599264,node,Hailai International Restaurant,restaurant,-7.5493231,110.7879092,yogyakarta
2524302491,node,Milas,restaurant,-7.822212,110.3685451,yogyakarta
2564024188,node,Angkringan Lik Min,restaurant,-7.8172315,110.3510743,yogyakarta
2564051181,node,Angkringan Wongso,cafe,-7.816468,110.3437243,yogyakarta
2647356920,node,,restaurant,-7.761899,110.3938297,yogyakarta
2712121320,node,Rumah Kawan,restaurant,-7.8273609,110.4369821,yogyakarta
2751354290,node,Nasi Goreng Sapi Padmanaba,restaurant,-7.7867728,110.3731595,yogyakarta
2751371522,node,warung soto,restaurant,-7.78675,110.3932735,yogyakarta
2837092409,node,Nanamia Pizzeria,restaurant,-7.7761421,110.3909484,yogyakarta
2935001778,node,mie ayam Bu Tumini,restaurant,-7.8335239,110.3905709,yogyakarta
2992506474,node,Gudeg Bu Tjitro,restaurant,-7.7984745,110.4027756,yogyakarta
3143838049,node,,restaurant,-7.6011726,110.4230652,yogyakarta
3214965917,node,Warung Mas Kali,cafe,-7.7338334,110.3887572,yogyakarta
3214965918,node,Pandanaran,restaurant,-7.7338823,110.3888713,yogyakarta
3215024599,node,Jogja Milk,cafe,-7.7725708,110.397668,yogyakarta
3229455611,node,Mangut Beong Selera Pedas,restaurant,-7.596935,110.1828986,yogyakarta
3229476050,node,Gudeg Mbak Sasha,restaurant,-7.7662565,110.3906189,yogyakarta
3229477934,node,Gudeg Mbak Sasha (Lesehan),restaurant,-7.7696064,110.3904405,yogyakarta
3229480991,node,Rumah Bawah Coffee & Chill,cafe,-7.7676979,110.3925928,yogyakarta
3229480992,node,Warung Kopi Lidah Ibu,cafe,-7.7723343,110.3917411,yogyakarta
3229488565,node,Restaurant aceh Bungong Jeumpa,restaurant,-7.776442,110.3930947,yogyakarta
3229490386,node,Ayam Geprek Bu Rum,restaurant,-7.775472,110.3953673,yogyakarta
3229516709,node,Melu Cafe,cafe,-7.7844877,110.3748777,yogyakarta
3229532925,node,Soto Mbak Nunung,restaurant,-7.8027336,110.3637554,yogyakarta
3229536573,node,Bakmi Jawa Pak Pele,restaurant,-7.8052337,110.3652655,yogyakarta
3229588019,node,Omah Dhuwur,restaurant,-7.8273229,110.39433,yogyakarta
3254790976,node,Pondok Raza,restaurant,-7.6670018,110.4170938,yogyakarta
3254790979,node,RM Anda,restaurant,-7.6621748,110.4203568,yogyakarta
3254790980,node,RM Bungo Minang,restaurant,-7.6626976,110.4201928,yogyakarta
3254790981,node,RM Sinar Minang,restaurant,-7.6613195,110.4206875,yogyakarta
3256672772,node,SS (Spesial Sambal) Waroeng,restaurant,-7.8145807,110.3660402,yogyakarta
3256672773,node,Tojoyo 3 Ayam Goreng dan Bebek Goreng,restaurant,-7.8146219,110.3662689,yogyakarta
3278350034,node,Olive Fried Chicken,restaurant,-7.6970356,110.4174097,yogyakarta
3279622319,node,Rumah Makan Ambarketawang,restaurant,-7.8028601,110.312712,yogyakarta
3279622593,node,,restaurant,-7.7461453,110.3900085,yogyakarta
3345753943,node,Soto Pak Marto,restaurant,-7.7984747,110.4032706,yogyakarta
3359764341,node,Warung,restaurant,-7.807343,110.1291644,yogyakarta
3363079081,node,,cafe,-7.7582129,110.3774113,yogyakarta
3395885783,node,,restaurant,-7.7611014,110.3789264,yogyakarta
3395893888,node,Bumi Langit,restaurant,-7.9263416,110.4102756,yogyakarta
3396431271,node,Garden Cafe,restaurant,-7.7733981,110.3852472,yogyakarta
3396431272,node,House of Raminten,restaurant,-7.785123,110.3715439,yogyakarta
3397785495,node,Restaurant Palm Kuning (Kecil),restaurant,-7.7604161,110.3760627,yogyakarta
3397825665,node,Al-Maidah,restaurant,-7.7609712,110.3779694,yogyakarta
3397825666,node,De'Sushi,restaurant,-7.7620842,110.3799727,yogyakarta
3398518683,node,Romansa Kuliner,restaurant,-7.7148774,110.0086402,yogyakarta
3426751651,node,Sederhana,restaurant,-7.5599417,110.7868726,yogyakarta
3451492128,node,Kantin EMB,restaurant,-7.7618636,110.3755754,yogyakarta
3451535429,node,Nasi Bakar,restaurant,-7.7588172,110.3822232,yogyakarta
3451555894,node,The Waroeng of Raminten,restaurant,-7.6759869,110.4171251,yogyakarta
3451581434,node,Warnet EMB,internet_cafe,-7.7619058,110.3755083,yogyakarta
3451607266,node,Monggo Resto,restaurant,-7.8455649,110.4029203,yogyakarta
3451628642,node,Bakmi Kadin,restaurant,-7.8019642,110.3726219,yogyakarta
3451628644,node,Pak Jede,restaurant,-7.7737648,110.4008867,yogyakarta
3451628645,node,Rawit Merah,restaurant,-7.7799069,110.3998745,yogyakarta
3451628646,node,Telerrrr,restaurant,-7.7690037,110.4018976,yogyakarta
3451899393,node,Bakso Mas Ndut,restaurant,-7.7643375,110.3871976,yogyakarta
3451899394,node,Cowmad,restaurant,-7.7651193,110.388642,yogyakarta
3451899398,node,Ohlala,restaurant,-7.763703,110.3851462,yogyakarta
3451899400,node,Sambal Korek Pak Topo,restaurant,-7.7643135,110.3872753,yogyakarta
3451899401,node,Warung Istiqomah,restaurant,-7.7626634,110.3867913,yogyakarta
3451899402,node,Warung Penyetan Varnos,restaurant,-7.7636877,110.3853312,yogyakarta
3451899403,node,Warung,restaurant,-7.7641596,110.3866811,yogyakarta
3451899404,node,Yamie Panda,restaurant,-7.7629793,110.3820313,yogyakarta
3451899426,node,,restaurant,-7.7675561,110.3824643,yogyakarta
3451917722,node,Warung Sri Agung,restaurant,-7.945747,110.4876088,yogyakarta
3453372108,node,Tickles Cafe,restaurant,-7.7784141,110.3929959,yogyakarta
3472798341,node,Bakmi Jowo,restaurant,-7.7533055,110.3842035,yogyakarta
3472801540,node,Kantin,restaurant,-7.7739406,110.3836852,yogyakarta
3473031872,node,Alembana,restaurant,-7.779847,110.3905815,yogyakarta
3473031875,node,Calzonne Express,restaurant,-7.7801993,110.3914457,yogyakarta
3473031881,node,Il Mondo,restaurant,-7.7786217,110.390571,yogyakarta
3473031884,node,Lagani Cafe,cafe,-7.7799289,110.3908767,yogyakarta
3473031887,node,Old Dish,restaurant,-7.7794071,110.3901139,yogyakarta
3473031888,node,Popeye Chicken Express,restaurant,-7.7808919,110.3924179,yogyakarta
3473031890,node,Real Burger,restaurant,-7.7786168,110.3898641,yogyakarta
3473031891,node,Resto OZ,restaurant,-7.7797756,110.3902234,yogyakarta
3473035394,node,Soto Kudus Gajah Mada,restaurant,-7.7828175,110.3920591,yogyakarta
3473035397,node,Warung Lotek Bu Iduk,restaurant,-7.7790468,110.390195,yogyakarta
3473046926,node,Soto Ayam Miroso,restaurant,-7.7830923,110.3985629,yogyakarta
3473955064,node,Bale Babakaran,restaurant,-7.7732076,110.3884696,yogyakarta
3473955065,node,Kantin Garasi,restaurant,-7.7755305,110.3880473,yogyakarta
3487442208,node,Golden Clopatra,restaurant,-7.8212043,110.3638596,yogyakarta
3487442212,node,Mediterranea by Kamil,restaurant,-7.8185002,110.3645423,yogyakarta
3487442215,node,Warung Pascok,restaurant,-7.8212658,110.363645,yogyakarta
3487503058,node,Bank Jo,restaurant,-7.8211102,110.3679636,yogyakarta
3487503066,node,Homestay Ndalem MJ,cafe,-7.8206242,110.3659364,yogyakarta
3487503073,node,Makanan Padang,restaurant,-7.8216426,110.3679567,yogyakarta
3487503077,node,Michaela's Kitchen,restaurant,-7.8207453,110.366793,yogyakarta
3487503084,node,Pramesthi Hotel,restaurant,-7.8216489,110.3653899,yogyakarta
3487511790,node,Kedai Bin Saif,restaurant,-7.8250613,110.3767831,yogyakarta
3487511791,node,Nasi Uduk,restaurant,-7.8247517,110.3734536,yogyakarta
3490484570,node,Kacang Ijo. Kaki Lima,restaurant,-7.7013788,110.4474208,yogyakarta
3495284327,node,Saion & Spa,restaurant,-7.8185877,110.3673477,yogyakarta
3495293515,node,Rapoppo,restaurant,-7.8182947,110.3644234,yogyakarta
3508068493,node,Warung Makan Putra,restaurant,-7.812737,110.367014,yogyakarta
3521357133,node,Kedai Wedangan Watu Lumbung,restaurant,-7.9931073,110.3180744,yogyakarta
3521371891,node,Lux Coffee,cafe,-7.7724642,110.3973456,yogyakarta
3557258295,node,Papa Rons Pizza,restaurant,-7.7795662,110.3670879,yogyakarta
3559577405,node,,restaurant,-7.802194,110.3139492,yogyakarta
3562538993,node,Mie Ayam Joglo,restaurant,-7.9322469,110.3674726,yogyakarta
3562538994,node,Village Inn,restaurant,-7.9342156,110.3662702,yogyakarta
3562544493,node,Mie Ayam Bendungan,restaurant,-7.9340697,110.3663825,yogyakarta
3584972496,node,Bakmi Jawa Sunar,restaurant,-7.8290862,110.3421653,yogyakarta
3585153778,node,Bakpia Gito,restaurant,-7.8155257,110.3599098,yogyakarta
3600099385,node,Kupat Tahu,restaurant,-7.8022544,110.3949412,yogyakarta
3612192886,node,Warung Mangut Lele Bedog,restaurant,-7.8374343,110.3399174,yogyakarta
3612330468,node,Bakmi Pele,restaurant,-7.8332498,110.3379887,yogyakarta
3616855011,node,,restaurant,-7.8240689,110.3336479,yogyakarta
3621462268,node,BlackBone Coffee,cafe,-7.7606603,110.3819646,yogyakarta
3623170405,node,Warung,restaurant,-7.7666747,110.1159859,yogyakarta
3623677433,node,Kiken Soup,restaurant,-7.7661431,110.3822925,yogyakarta
3623677434,node,Lebah Jus,cafe,-7.7653831,110.3818171,yogyakarta
3628557597,node,Ayam Goreng Mbah Cemplung,restaurant,-7.8392357,110.3341516,yogyakarta
3630321046,node,Soto Lenthok,restaurant,-7.8200923,110.3480394,yogyakarta
3630321047,node,Soto Pagi,restaurant,-7.8189323,110.3480923,yogyakarta
3630324585,node,Yanti Restaurant,restaurant,-7.8236527,110.3468767,yogyakarta
3630324588,node,Sate Ngasem,restaurant,-7.8249576,110.3451123,yogyakarta
3630326713,node,Nanamia Pizzeria,restaurant,-7.8180246,110.3624919,yogyakarta
3630332092,node,Gado2 Bu Barinah,restaurant,-7.8226027,110.3551655,yogyakarta
3630420120,node,Dapur Sambal,restaurant,-7.8031767,110.3663228,yogyakarta
3630767220,node,Gule Ayam Jago,restaurant,-7.8858027,110.3306568,yogyakarta
3630767229,node,Soto Sapi Sumilir,restaurant,-7.885621,110.3301743,yogyakarta
3632326097,node,Mie Ayam Kasongan,restaurant,-7.8467364,110.3444998,yogyakarta
3632597203,node,Kedai OAK,cafe,-7.7610845,110.4038467,yogyakarta
3633799368,node,Playground,restaurant,-7.7909498,110.3931768,yogyakarta
3633919835,node,Mushroom Resto,restaurant,-7.7748157,110.4085139,yogyakarta
3634352858,node,Rata-Rata,restaurant,-7.754106,110.3838813,yogyakarta
3636083365,node,Menco,restaurant,-7.8385386,110.4112615,yogyakarta
3636307401,node,Pemancingan Mataram,restaurant,-7.8125009,110.4179944,yogyakarta
3636359382,node,Sushi Story,restaurant,-7.7610968,110.3943996,yogyakarta
3636373134,node,Warung Lotek,restaurant,-7.8185503,110.3682411,yogyakarta
3636570820,node,Mi casa es tu casa,restaurant,-7.7905199,110.3640246,yogyakarta
3638415612,node,Padang MM,restaurant,-7.828129,110.447018,yogyakarta
3638503719,node,Ayam Goreng Suharti,restaurant,-7.8092399,110.4024236,yogyakarta
3638575091,node,Sate Klatak Pak Bari,restaurant,-7.870795,110.3919484,yogyakarta
3638796125,node,Lotek & Kupat Tahu Sor Talok,restaurant,-7.9245332,110.3736868,yogyakarta
3646422118,node,Kedai Djamoer,restaurant,-7.7647075,110.3850382,yogyakarta
3658773685,node,Kedai Rakjat Djelata,restaurant,-7.7930961,110.3780556,yogyakarta
3661097137,node,Rumah Garuda,restaurant,-7.8481094,110.3526948,yogyakarta
3661146419,node,Joyo,restaurant,-7.59833,110.4271615,yogyakarta
3661146423,node,Kedai Jons,restaurant,-7.5989985,110.4261019,yogyakarta
3661147633,node,Melcosh,restaurant,-7.6153856,110.4263467,yogyakarta
3661147640,node,Oplosh,restaurant,-7.618192,110.4258026,yogyakarta
3661147667,node,Warung Sate Pak Min,restaurant,-7.5991365,110.4288069,yogyakarta
3661199917,node,Jada Tempeh,restaurant,-7.5928222,110.4323281,yogyakarta
3661199918,node,,restaurant,-7.5928383,110.4324045,yogyakarta
3661199919,node,,restaurant,-7.5928601,110.4324949,yogyakarta
3661199921,node,,restaurant,-7.5928859,110.4326055,yogyakarta
3661203026,node,,restaurant,-7.5929101,110.4327194,yogyakarta
3661203037,node,,restaurant,-7.593094,110.4328976,yogyakarta
3661203038,node,,restaurant,-7.593123,110.4322321,yogyakarta
3661203039,node,,restaurant,-7.5931295,110.4325787,yogyakarta
3661203040,node,,restaurant,-7.5931311,110.4323704,yogyakarta
3661203041,node,,restaurant,-7.5931311,110.4327316,yogyakarta
3662449263,node,Bakmi Jawa Harjo Geno,restaurant,-7.8198449,110.3681123,yogyakarta
3675791128,node,Bakso Pak Narto,restaurant,-7.7502185,110.38591,yogyakarta
3680076005,node,Cafetaria d Zef,cafe,-7.7677893,110.4171939,yogyakarta
3686643256,node,Mie Ayam Kita,restaurant,-7.774283,110.3933574,yogyakarta
3726243026,node,Warkop Mongo,cafe,-7.5615586,110.7926994,yogyakarta
3736898545,node,Six Senses Restaurant,restaurant,-7.8174795,110.3624453,yogyakarta
3760080628,node,L'cost seafood,restaurant,-7.7650056,110.3962061,yogyakarta
3760455764,node,Susu Kedelai,cafe,-7.7816362,110.3625475,yogyakarta
3760579394,node,Burjo,restaurant,-7.7652397,110.3968363,yogyakarta
3765156963,node,Forty eight Ice Blend,cafe,-7.7636638,110.3950571,yogyakarta
3775284119,node,,restaurant,-7.6024846,110.2118561,yogyakarta
3782252117,node,,cafe,-7.8092127,110.3771158,yogyakarta
3782252118,node,Angkringan Pak Hari,cafe,-7.8093589,110.3771775,yogyakarta
3832156436,node,Indochine Bistro,restaurant,-7.7731926,110.4096964,yogyakarta
3832166377,node,Bar Kitchen Go Rich,restaurant,-7.7624408,110.3955292,yogyakarta
3832166390,node,Penyetan Mang Sukri,restaurant,-7.7642669,110.3958274,yogyakarta
3856942968,node,Loka loka,restaurant,-7.7387383,110.3991772,yogyakarta
3872990726,node,Fortunate Coffee Jogja,restaurant,-7.7940577,110.361162,yogyakarta
3876392454,node,Veganissimo (Pringwulung),restaurant,-7.7706739,110.3993232,yogyakarta
3914446536,node,Hestek Kopi,cafe,-7.7580522,110.381883,yogyakarta
3914446538,node,Qimi Chinese Food,restaurant,-7.7618303,110.3942551,yogyakarta
3922989780,node,Warung Kendi,restaurant,-7.7619838,110.39738,yogyakarta
3922989781,node,Warung,restaurant,-8.1968859,110.7209198,yogyakarta
3922989782,node,Warungs,restaurant,-8.1895224,110.7106741,yogyakarta
3987578839,node,Italian Pasta,restaurant,-7.7685731,110.3891976,yogyakarta
3987578840,node,Kedai Sedek Raos,restaurant,-7.7617752,110.3938635,yogyakarta
3987578842,node,Taj,restaurant,-7.7832199,110.3848854,yogyakarta
4002066027,node,LOKAL Indonesia,restaurant,-7.7595166,110.3965908,yogyakarta
4012066481,node,Le Soleil,restaurant,-7.8192018,110.3719973,yogyakarta
4013846292,node,Songkhla Thai Restaurant,restaurant,-7.7529926,110.3812311,yogyakarta
4063417060,node,Internet cafe,internet_cafe,-7.8231617,110.361285,yogyakarta
4063417061,node,Internet cafe,cafe,-7.822373,110.3615389,yogyakarta
4063417064,node,Bamboo House,restaurant,-7.8198842,110.3688921,yogyakarta
4063417182,node,Internet cafe,internet_cafe,-7.8269777,110.3606362,yogyakarta
4069458569,node,internet—cafe,internet_cafe,-7.6066567,110.2117324,yogyakarta
4146152129,node,Warung Pak Kumis & Bu Gendut,restaurant,-7.7877965,110.3995747,yogyakarta
4146152130,node,Ayam Geprek,restaurant,-7.7876052,110.3995426,yogyakarta
4146166515,node,Padang Murah,restaurant,-7.7830747,110.3230245,yogyakarta
4146167257,node,Waroeng Surya,cafe,-7.8003872,110.3959924,yogyakarta
4146167265,node,Kedai Kanjeng Mami,cafe,-7.8163796,110.3623317,yogyakarta
4146176564,node,,cafe,-7.7583798,110.3684407,yogyakarta
4146198191,node,Tong Seng,restaurant,-7.6520477,110.3770993,yogyakarta
4162538289,node,Mooi's Kitchen,cafe,-7.7803677,110.3733949,yogyakarta
4162538490,node,Panties Pizza,restaurant,-7.7639821,110.393419,yogyakarta
4164237790,node,Lotek Pandega Putri,restaurant,-7.7549858,110.3800531,yogyakarta
4164247296,node,Burjo Maharasa,restaurant,-7.7546781,110.3836072,yogyakarta
4192972803,node,Dixie Easy Dining,restaurant,-7.7699341,110.3905494,yogyakarta
4193428489,node,Loving Hut,restaurant,-7.7763111,110.3898886,yogyakarta
4210616498,node,Pier 14 Coffee,cafe,-7.7869399,110.361719,yogyakarta
4215310292,node,Silla Resto,restaurant,-7.7575166,110.3863837,yogyakarta
4245432589,node,Peacock Coffee,cafe,-7.7434003,110.3740773,yogyakarta
4279662889,node,Joglo nDeso Hydrophonic Restaurant,restaurant,-7.5770297,110.2996,yogyakarta
4290034496,node,Pak Gembul,restaurant,-7.8010808,110.3616132,yogyakarta
4303544189,node,Sate Klathak Pak Yakut,restaurant,-7.800588,110.337839,yogyakarta
4318397389,node,bakmi jowo bu fery,restaurant,-7.7325675,110.5444129,yogyakarta
4319346929,node,Kedai Seblak Phiim-Phiim,restaurant,-7.775158,110.408726,yogyakarta
4319346930,node,Warung Bakmi Pak Waluyo Jogja,restaurant,-7.769441,110.4054191,yogyakarta
4328694295,node,Soto Lamongan Cak Mangku,restaurant,-7.8021704,110.393007,yogyakarta
4328807089,node,Bakso Soto Spesial Pak Ateng,restaurant,-7.7664344,110.3814572,yogyakarta
4331953297,node,Tahu Tek Jumbo,restaurant,-7.7912204,110.3573118,yogyakarta
4333309662,node,Teras Coffee Fruit juice,cafe,-7.9677816,110.5980014,yogyakarta
4362074695,node,Gudeg Yu Jum,restaurant,-7.7631452,110.3801303,yogyakarta
4362107102,node,Ayam Goreng Pak Wage,restaurant,-7.7663583,110.3823167,yogyakarta
4406412789,node,Tea Factory,cafe,-7.7864131,110.362908,yogyakarta
4414655896,node,Angkringan KR Yogyakarta,cafe,-7.785619,110.3668128,yogyakarta
4423162839,node,Manuk Londho,restaurant,-7.7918948,110.3719224,yogyakarta
4424583591,node,Tio Ciu Seafood & Chinese Food,restaurant,-7.7827313,110.3703171,yogyakarta
4424590790,node,Batik,restaurant,-7.7916636,110.365052,yogyakarta
4424600989,node,Sintawang Resto,restaurant,-7.7820808,110.3607339,yogyakarta
4424602692,node,,restaurant,-7.6059806,110.2152206,yogyakarta
4424603489,node,Warung Soto Pak Martin,restaurant,-7.8080811,110.35462,yogyakarta
4434082291,node,Mie Ayam Palembang Afui,restaurant,-7.7813679,110.4161415,yogyakarta
4460180999,node,Silol Cafe,cafe,-7.7843162,110.3746544,yogyakarta
4469574891,node,Abhayagiri Restaurant,restaurant,-7.7684634,110.4970802,yogyakarta
4470033192,node,Sate Klathak Pak Pong,restaurant,-7.8712496,110.3872742,yogyakarta
4472559791,node,Sate Klathak Pak Pong,restaurant,-7.8714194,110.3874765,yogyakarta
4492086691,node,Mbok mampir aneka menu belut,restaurant,-7.8541753,110.3835333,yogyakarta
4516268491,node,La-capila,restaurant,-7.7887367,110.3724948,yogyakarta
4533413490,node,warung enak,restaurant,-7.5147137,110.5205982,yogyakarta
4579705780,node,warko coffe,cafe,-7.7515675,110.6229822,yogyakarta
4580886192,node,Warung,restaurant,-7.7662472,110.4641718,yogyakarta
4582469489,node,Warung Bu Sri,restaurant,-7.7604183,110.3831686,yogyakarta
4583568998,node,Gatewaynet,cafe,-7.5746206,110.2820136,yogyakarta
4585536354,node,Socius,cafe,-7.7784942,110.4145745,yogyakarta
4585536362,node,,restaurant,-7.7779601,110.4139576,yogyakarta
4585536363,node,,cafe,-7.7783162,110.4136304,yogyakarta
4585536373,node,,restaurant,-7.777774,110.4133139,yogyakarta
4585536381,node,,restaurant,-7.77779,110.4162429,yogyakarta
4585536383,node,,restaurant,-7.7780451,110.4126004,yogyakarta
4585536384,node,,restaurant,-7.777673,110.4130725,yogyakarta
4585547406,node,Warung Upnormal,restaurant,-7.765274,110.4105123,yogyakarta
4585555650,node,Denaro,restaurant,-7.7661487,110.4103907,yogyakarta
4588016192,node,Ninit,restaurant,-7.7632394,110.37355,yogyakarta
4588967018,node,bakso tenis,restaurant,-7.757943,110.4090032,yogyakarta
4588967019,node,Ayam geprek eskom,restaurant,-7.758582,110.4107902,yogyakarta
4589191249,node,,restaurant,-7.798407,110.4025287,yogyakarta
4589424955,node,Luxury,cafe,-7.759454,110.3814196,yogyakarta
4590296596,node,parsley bakery & cake shop,restaurant,-7.7580879,110.4025525,yogyakarta
4590296610,node,Dongeng kopi jogja,cafe,-7.7596505,110.4036516,yogyakarta
4590296613,node,matchamu,cafe,-7.7641158,110.409753,yogyakarta
4590296615,node,Loops,cafe,-7.7666939,110.405899,yogyakarta
4590622327,node,soto bu inem,restaurant,-7.8418347,110.3288364,yogyakarta
4590639015,node,Warung Makan Sri Tumpuk,restaurant,-7.7831012,110.4241735,yogyakarta
4590655049,node,Warung Pojok,restaurant,-7.752839,110.3924433,yogyakarta
4590655054,node,Warung Putra Bojong Nangka,restaurant,-7.7497318,110.3959497,yogyakarta
4590655055,node,Doby Fried Chicken,restaurant,-7.7529565,110.3951269,yogyakarta
4590655056,node,Warung De Juminten,restaurant,-7.7537278,110.3954011,yogyakarta
4590655058,node,Njendelo Tanah Airkoe,cafe,-7.7543773,110.3909672,yogyakarta
4590677764,node,Gudeg Yu Djum,restaurant,-7.7833162,110.4287114,yogyakarta
4590695944,node,Wamindo Maha Rasa,restaurant,-7.757767,110.4086962,yogyakarta
4590695945,node,Warmindo Murni,restaurant,-7.7573934,110.4087771,yogyakarta
4590767010,node,Babylon cafe & resto,cafe,-7.7597917,110.4036304,yogyakarta
4590872603,node,Kopi Bule,cafe,-7.785142,110.3735987,yogyakarta
4590872604,node,Kallula,cafe,-7.7844351,110.3727692,yogyakarta
4590920996,node,warung bakmi jawa enak,restaurant,-7.8180882,110.3483502,yogyakarta
4590939194,node,Came Kubu Kiri Amikom,cafe,-7.764138,110.4192601,yogyakarta
4590939197,node,warung makan indomie,restaurant,-7.7647501,110.4197455,yogyakarta
4590940932,node,bika ambon larizo,restaurant,-7.8182686,110.3619627,yogyakarta
4591254263,node,Burjo UNY,restaurant,-7.7732023,110.385534,yogyakarta
4591254265,node,warung makan,restaurant,-7.7728377,110.3859687,yogyakarta
4591254277,node,Pistacchio Gelato,cafe,-7.7738104,110.3890532,yogyakarta
4591822498,node,mbak handa,restaurant,-7.7652962,110.4182054,yogyakarta
4592712997,node,studio kopi,cafe,-7.7758886,110.4157197,yogyakarta
4592734533,node,gudeg bu tatik,restaurant,-7.8288129,110.320791,yogyakarta
4631498689,node,Kopi Merapi,cafe,-7.602614,110.4459924,yogyakarta
4686906800,node,Paksi Coffee House,cafe,-7.6086671,110.2090272,yogyakarta
4708915691,node,,restaurant,-7.6155795,110.3750728,yogyakarta
4744222294,node,Legend Cafe,cafe,-7.78813,110.3730222,yogyakarta
4752452055,node,Ayam Goreng Tojoyo 3,restaurant,-7.7829566,110.386623,yogyakarta
4754834422,node,MARKO milk & coffee,cafe,-7.8012501,110.3441265,yogyakarta
4757712523,node,,restaurant,-7.8162698,110.3626161,yogyakarta
4761109923,node,Water Castle Cafe,restaurant,-7.8086823,110.3600747,yogyakarta
4763543321,node,Holyland Warung,restaurant,-7.8002269,110.3622622,yogyakarta
4771094723,node,Sop Buntut & Ayam Goreng Cokro,restaurant,-7.7897244,110.3538973,yogyakarta
4771094724,node,Phuket Resto,restaurant,-7.7898098,110.3538993,yogyakarta
4771123824,node,Soto Pak Sholeh “Al-Barokah”,restaurant,-7.787186,110.3526714,yogyakarta
4782547321,node,dapoer gending,restaurant,-7.6034472,110.211134,yogyakarta
4785817026,node,Starbucks,cafe,-7.7949429,110.3656557,yogyakarta
4791116022,node,Grha sarina Vidi,restaurant,-7.7334631,110.3638476,yogyakarta
4792695825,node,Honje,restaurant,-7.7834722,110.3667788,yogyakarta
4795283934,node,Angkringan Texas,restaurant,-7.7930874,110.3533835,yogyakarta
4795283936,node,Angkringan,restaurant,-7.7879697,110.3512358,yogyakarta
4795298322,node,Angkringan,restaurant,-7.7890488,110.3511201,yogyakarta
4795298421,node,Angkringan,restaurant,-7.7926023,110.3505683,yogyakarta
4796530222,node,Alun Alun Cafe,cafe,-7.8118304,110.3650558,yogyakarta
4798160824,node,Angkringan,restaurant,-7.7901041,110.3540058,yogyakarta
4799118024,node,Angkringan,restaurant,-7.7920722,110.3502168,yogyakarta
4799118027,node,Chatime,cafe,-7.7832759,110.3746782,yogyakarta
4811748253,node,,restaurant,-7.7518598,110.4947833,yogyakarta
4830808727,node,Cokelat Dalem shop,cafe,-7.7995578,110.3620683,yogyakarta
4830845121,node,Warung Bakso,restaurant,-7.7926473,110.3674257,yogyakarta
4831902732,node,Warung Bu Sugirah,restaurant,-7.7679774,110.3279451,yogyakarta
4831903517,node,Bakso Pak Tupar,restaurant,-7.8951867,110.352765,yogyakarta
4831903832,node,Bakso Jaka,restaurant,-7.9272228,110.3208729,yogyakarta
4831985002,node,Muslim Chinese Food,restaurant,-7.7575543,110.3694321,yogyakarta
4832030210,node,Rumah makan Dewi Ratih,restaurant,-7.7662425,110.3848282,yogyakarta
4832034870,node,Mino Bakery,restaurant,-7.7465352,110.4046327,yogyakarta
4832042351,node,,restaurant,-7.7704447,110.3833778,yogyakarta
4843543525,node,Rumah Makan 'Ampera' Nasi Padang Asli,restaurant,-8.0230076,110.33431,yogyakarta
4843552722,node,Virgo Resto Bambu,restaurant,-8.0178146,110.325814,yogyakarta
4844444821,node,Lesehan Aldan,restaurant,-7.7011573,110.4150497,yogyakarta
4844444822,node,Virgo Resto Bambu,restaurant,-8.0175814,110.3253741,yogyakarta
4849336821,node,JeJamuran,restaurant,-7.7050336,110.3609924,yogyakarta
4849336921,node,JeJamuran,restaurant,-7.7054512,110.3612343,yogyakarta
4850031421,node,Lombok Ijo,restaurant,-7.7832408,110.3896844,yogyakarta
4853355021,node,Gudeg Djoeminten,restaurant,-7.7815487,110.3625314,yogyakarta
4859514322,node,"Sate Pak Yono, Muntilan",restaurant,-7.583486,110.2869569,yogyakarta
4863815021,node,Sate Klatak pak Pong,cafe,-7.8680486,110.3905995,yogyakarta
4875778821,node,Heiho Loewak Coffee,cafe,-7.8096392,110.3610681,yogyakarta
4894557924,node,Ganesh ek sanskriti,restaurant,-7.7794951,110.4286171,yogyakarta
4895170421,node,jeJamuran,restaurant,-7.7054204,110.3613332,yogyakarta
4905999621,node,Dangan,cafe,-7.7915584,110.3647608,yogyakarta
4908348223,node,Ice cream Gelato,restaurant,-7.7937544,110.3780142,yogyakarta
4928813928,node,Masakan Padang,restaurant,-7.7647185,110.4490508,yogyakarta
4932159921,node,Icipono,cafe,-7.8136966,110.3686837,yogyakarta
4940446176,node,Kuliner Kampung Emas,restaurant,-7.8692094,110.5434129,yogyakarta
4946539428,node,Hidden Milk and Meals,cafe,-7.8075515,110.3391423,yogyakarta
4998878471,node,Lumpia BOOM,restaurant,-7.7643511,110.3876602,yogyakarta
5008943824,node,Just Juice,cafe,-7.8112659,110.3689481,yogyakarta
5040099423,node,RM Padang,restaurant,-7.7647253,110.4490301,yogyakarta
5045741222,node,,restaurant,-7.8166507,110.381288,yogyakarta
5084972821,node,Kali Opac Resto,restaurant,-7.7475823,110.4883128,yogyakarta
5149703928,node,Kantin JIH,restaurant,-7.7578375,110.404105,yogyakarta
5154076262,node,Madagascar Seafood Jogja,restaurant,-7.7320979,110.3812507,yogyakarta
5155072654,node,Warung DPR Dapur Pak Robie,restaurant,-7.7892293,110.4825135,yogyakarta
5155072941,node,Bakmi Jowo Antero,restaurant,-7.7938399,110.4828098,yogyakarta
5155561865,node,Burjo Warmindo,restaurant,-7.7243517,110.4012506,yogyakarta
5155561866,node,Gudeg Mbarek Bu. Hj. Ahmad,restaurant,-7.7240819,110.4014517,yogyakarta
5200541987,node,Capcuz,cafe,-7.7518178,110.4110823,yogyakarta
5201378808,node,Angkringan Gondrong,cafe,-7.8138188,110.3605561,yogyakarta
5201432821,node,D'Padukan Pie & Resto,restaurant,-7.6660593,110.4295252,yogyakarta
5202387410,node,Soto Lenthok,restaurant,-7.8135747,110.3605325,yogyakarta
5203424658,node,Warung Ayam Sakti,restaurant,-7.7891087,110.3935855,yogyakarta
5203432968,node,Burjo Lor,restaurant,-7.7760359,110.3525102,yogyakarta
5207545063,node,RM Nasi Bambu,restaurant,-7.7661925,110.3806206,yogyakarta
5207597773,node,Warung Tari,cafe,-7.5151712,110.5129344,yogyakarta
5225004923,node,"Ayam Goreng ""Mbak UUK""",restaurant,-7.7988289,110.3708199,yogyakarta
5243665656,node,Pelem Golek,restaurant,-7.7370417,110.376875,yogyakarta
5243796921,node,Epic coffee,cafe,-7.7342053,110.3774333,yogyakarta
5243957698,node,Cinema Bakery,cafe,-7.7427933,110.3743082,yogyakarta
5245154022,node,Kiosk,cafe,-7.8187146,110.3682027,yogyakarta
5249041423,node,Arjuna Restaurant,restaurant,-7.8218252,110.3664699,yogyakarta
5250888332,node,Mie goreng Minceu,restaurant,-7.7937559,110.3630416,yogyakarta
5259252823,node,Warung Nasi City Woman,restaurant,-7.5023594,110.4589697,yogyakarta
5263136523,node,Gudeg Yu Djum,restaurant,-7.7938856,110.3651842,yogyakarta
5272163222,node,Sambal Uleg,restaurant,-7.7940731,110.3642653,yogyakarta
5272163223,node,Mas bowo - nasi,restaurant,-7.7939069,110.3652453,yogyakarta
5272163521,node,RAGIL - Sop iga/bontut,restaurant,-7.7938663,110.3650379,yogyakarta
5272163621,node,Raos Eco - Gudeg,restaurant,-7.7939182,110.3653314,yogyakarta
5272163622,node,Yani's Kitchen,restaurant,-7.793692,110.3618973,yogyakarta
5273444621,node,Yogya Chicken,restaurant,-7.8036399,110.3680323,yogyakarta
5281978922,node,Gudeg Yu Djum,restaurant,-7.8045233,110.3667957,yogyakarta
5289054923,node,Warung Bakso Pak Ambar,restaurant,-7.8140138,110.2590265,yogyakarta
5346914521,node,GIB GIB Calzone,restaurant,-7.7615641,110.4037027,yogyakarta
5351221813,node,Soto Segeer Mbok Giyem,restaurant,-7.5226468,110.5990187,yogyakarta
5375657524,node,Omah Roti Sidomukti,cafe,-7.8067428,110.36117,yogyakarta
5427866421,node,Soto Mbok Dele,restaurant,-7.6599088,110.6748338,yogyakarta
5447395339,node,Gudeg Ibu Widodo,restaurant,-7.8042445,110.366775,yogyakarta
5468132497,node,Bedhots Resto,restaurant,-7.7908659,110.3639597,yogyakarta
5476862215,node,Banaran Cafe,cafe,-7.5327306,110.7485328,yogyakarta
5477925671,node,KFC,restaurant,-7.5388395,110.745652,yogyakarta
5481909921,node,The Civet house,cafe,-7.7900657,110.3637109,yogyakarta
5484161527,node,Raminten’s Kitchen,restaurant,-7.7843864,110.3721122,yogyakarta
5484438821,node,Warung Cak Sule,restaurant,-7.8168175,110.3682223,yogyakarta
5484540422,node,Roti Van Java,restaurant,-7.8148598,110.3683794,yogyakarta
5491083321,node,Bakmi Jawa Pak Rebo,restaurant,-7.8124132,110.3690271,yogyakarta
5500096421,node,Yammie Pathuk,restaurant,-7.7932706,110.3582542,yogyakarta
5502583721,node,Raden Susu,cafe,-7.8078578,110.359174,yogyakarta
5502639524,node,Mataram Loewak Coffee,cafe,-7.8197766,110.4038274,yogyakarta
5507322121,node,Alea Coffee Shop,cafe,-7.6064392,110.2133746,yogyakarta
5521893849,node,Warung Bu Hohok,restaurant,-7.7597024,110.3823556,yogyakarta
5554130521,node,Blengerr,restaurant,-7.8228759,110.3676938,yogyakarta
5554905151,node,Bakmi Jawa Pak Rebo,restaurant,-7.8122911,110.3689812,yogyakarta
5559366222,node,Dapur El,restaurant,-7.8212135,110.3679259,yogyakarta
5559372321,node,Kopi Aceh,cafe,-7.805097,110.3655198,yogyakarta
5583703621,node,Lawas Café,cafe,-7.8201356,110.371987,yogyakarta
5583703622,node,SubStansi,cafe,-7.8206857,110.3731912,yogyakarta
5583703630,node,Sate Klatak Kambing Muda,restaurant,-7.8196529,110.3679466,yogyakarta
5583703721,node,Sellie coffee,cafe,-7.8202523,110.3719679,yogyakarta
5583703724,node,Karma,restaurant,-7.819194,110.3717738,yogyakarta
5583705821,node,Cungky's,restaurant,-7.8195091,110.372961,yogyakarta
5594627621,node,,restaurant,-7.8078071,110.3612834,yogyakarta
5595948421,node,Believe Coffee,cafe,-7.8197785,110.3674541,yogyakarta
5600977921,node,Gudeg Pawon,restaurant,-7.8057242,110.3902995,yogyakarta
5601280821,node,Bakmi Jawa Pak Rebo,restaurant,-7.8121665,110.36899,yogyakarta
5601280822,node,Gudeg Pawon,restaurant,-7.8056513,110.3901282,yogyakarta
5601280823,node,Upload,restaurant,-7.8165674,110.368367,yogyakarta
5601281021,node,Java Juice,cafe,-7.8066245,110.36031,yogyakarta
5604525422,node,Pako Coffee,cafe,-7.8148959,110.3626498,yogyakarta
5606144623,node,Warung Kupat Tahu,restaurant,-7.7566523,110.3722597,yogyakarta
5671039486,node,Rumah Makan Padang,restaurant,-7.7638847,110.2905385,yogyakarta
5694338925,node,Soto Ayam Kampung Pak Haji,restaurant,-7.7231151,110.5598687,yogyakarta
5711360921,node,Salami Kopi,cafe,-7.7908887,110.3640392,yogyakarta
5742600940,node,Kedai Bukit Rhema,cafe,-7.6056623,110.1803402,yogyakarta
5742600941,node,Warung,restaurant,-7.5979894,110.1871481,yogyakarta
5742602022,node,,restaurant,-7.7823862,110.6270936,yogyakarta
5743103321,node,Warung Noodles,restaurant,-7.7847793,110.4101735,yogyakarta
5748187721,node,Gudeg yu Djum,restaurant,-7.8146485,110.3661371,yogyakarta
5759627788,node,Warung Makan,restaurant,-7.7844054,110.6299278,yogyakarta
5762161042,node,Dapoer Gending,restaurant,-7.6033901,110.211127,yogyakarta
5776939653,node,Gado-Gado,restaurant,-7.8186016,110.3681944,yogyakarta
5800479656,node,Calzone Express,restaurant,-7.8195082,110.3557469,yogyakarta
5801382155,node,Warung Cak Sule,restaurant,-7.8173297,110.3682068,yogyakarta
5808345553,node,Ayam Sate,restaurant,-7.8143487,110.3560695,yogyakarta
5810302454,node,Kambing Sate,restaurant,-7.8142154,110.3559088,yogyakarta
5812394454,node,Fruit Stand,restaurant,-7.8222012,110.3552267,yogyakarta
5813593353,node,Maison Daruma,cafe,-7.7977161,110.3926953,yogyakarta
5814850753,node,Warung Acil Soto Banjar,restaurant,-7.8232689,110.3550861,yogyakarta
5820331953,node,Bakso Balungan,restaurant,-7.8119018,110.3557167,yogyakarta
5823422753,node,Tiga Saudara,restaurant,-7.818869,110.3556541,yogyakarta
5823423053,node,Sagan Dak Galbi,restaurant,-7.7826198,110.3793977,yogyakarta
5831817392,node,Clear up,restaurant,-7.6894264,110.6094061,yogyakarta
5834634387,node,910 Cafe & Resto,restaurant,-7.6876157,110.6104278,yogyakarta
5836038317,node,Lotus Mio,restaurant,-7.818349,110.3633602,yogyakarta
5836039798,node,Warung Heru,restaurant,-7.8191231,110.3710081,yogyakarta
5837800087,node,warung sate ayam “pak kromo” (chicken satay),restaurant,-7.8016386,110.3753559,yogyakarta
5838946190,node,Bintang Lesehan,restaurant,-7.7952944,110.3656324,yogyakarta
5842034285,node,Yamie Panda,restaurant,-7.7885025,110.3748725,yogyakarta
5845825986,node,Waroeng Special Sambal,restaurant,-7.6937429,110.6004027,yogyakarta
5855070049,node,Popeye Chicken Express,restaurant,-7.8200381,110.3556655,yogyakarta
5867794185,node,Simple Plant vegetarian resto & art space,restaurant,-7.8361159,110.3400082,yogyakarta
5869827594,node,Loko Cafe,cafe,-7.7902609,110.3754232,yogyakarta
5869847305,node,Il Pozzo Ristorante,restaurant,-7.7915222,110.3782101,yogyakarta
5875611498,node,Ayam Penyet Surabaya,restaurant,-7.5243376,110.5997673,yogyakarta
5875611499,node,Yoko Ramen,restaurant,-7.5244173,110.59988,yogyakarta
5903670385,node,Jokteng,cafe,-7.8154613,110.3682879,yogyakarta
5905646587,node,SUA Coffee,cafe,-7.7939951,110.3647837,yogyakarta
5909421285,node,Ajaiba,cafe,-7.7991429,110.3629028,yogyakarta
5909631385,node,Warung Mie Ayam Pansit,restaurant,-7.7962024,110.3642595,yogyakarta
5911323786,node,Tujuan,restaurant,-7.8183994,110.3647863,yogyakarta
5911959285,node,Starbucks,cafe,-7.7822906,110.401511,yogyakarta
5920021185,node,Kopi Tengkleng,cafe,-7.7034528,110.3738935,yogyakarta
5922392985,node,Warung (cheap and very good),restaurant,-7.8201583,110.3616375,yogyakarta
5957327685,node,Starbucks,cafe,-7.7951464,110.3654214,yogyakarta
6009239063,node,Bale Bebakaran,restaurant,-7.7634678,110.3785122,yogyakarta
6009265067,node,Refresh Cafe,cafe,-7.7555334,110.3825844,yogyakarta
6009268149,node,Holy Smokes,restaurant,-7.7557533,110.383013,yogyakarta
6009277234,node,burjo,restaurant,-7.824972,110.2293405,yogyakarta
6009279796,node,Warung Makan Mbak Pri,restaurant,-7.7558717,110.3774157,yogyakarta
6009300548,node,Bakso dan Mie Ayam Pak Seger,restaurant,-7.7569188,110.3821562,yogyakarta
6009310274,node,ayam tulang Lunak Hayam wuruk,restaurant,-7.7586471,110.3817382,yogyakarta
6009326051,node,Couve,cafe,-7.7603595,110.3812722,yogyakarta
6009327717,node,Warung Tubruk,restaurant,-7.7605176,110.3810126,yogyakarta
6009341762,node,De Kendhil Resto,restaurant,-7.7608282,110.3808665,yogyakarta
6009361192,node,Mie Lampung Uno,restaurant,-7.7635379,110.3794356,yogyakarta
6009361194,node,Aldan Resto,restaurant,-7.7633091,110.3795184,yogyakarta
6009377626,node,Dalem Djojodiningrat,cafe,-7.7612017,110.3817184,yogyakarta
6009377629,node,blackbone coffe,cafe,-7.7600317,110.3832665,yogyakarta
6009377633,node,Warung Makan Indomie Saluyu,restaurant,-7.7599269,110.3831588,yogyakarta
6009377634,node,Warung Makan Pak Wandi,restaurant,-7.7600945,110.3830984,yogyakarta
6009385076,node,Rumah Dahar (Spesial Nasi Langgi),restaurant,-7.7647554,110.3808126,yogyakarta
6009385281,node,Soto Ayam Seger,restaurant,-7.7611826,110.3834318,yogyakarta
6009385284,node,Lesehan Jasmin,restaurant,-7.7616037,110.3834626,yogyakarta
6009386385,node,Warmindo Kedai solusi,restaurant,-7.7621506,110.3828261,yogyakarta
6009402149,node,Kedai Kopi Paste,cafe,-7.7641875,110.3791357,yogyakarta
6009402150,node,Warung Makan Bu Wid,restaurant,-7.7642485,110.3789299,yogyakarta
6009402153,node,Warung Makan Geprek Minyo,restaurant,-7.763991,110.3778729,yogyakarta
6009402154,node,Kopi kinanti,cafe,-7.7635201,110.3779815,yogyakarta
6009413368,node,Seven stones Coffe Specially,cafe,-7.7602888,110.379763,yogyakarta
6009413369,node,Laju Kopi Cepat,cafe,-7.7609119,110.380013,yogyakarta
6009413370,node,Rempah Asia,restaurant,-7.7609081,110.3804861,yogyakarta
6009413371,node,Bungong Jeumpa,restaurant,-7.7607842,110.3805419,yogyakarta
6009424982,node,Zuparella,restaurant,-7.7589311,110.3812742,yogyakarta
6021058786,node,Tirto Segoro,restaurant,-8.0143042,110.3207125,yogyakarta
6081257836,node,The Rice Cup,restaurant,-7.7677969,110.3853033,yogyakarta
6097924119,node,Amongcoffee,cafe,-7.776361,110.3457892,yogyakarta
6153487085,node,Nikmat Rasa Bakso & Mie Ayam,restaurant,-7.8118867,110.3659595,yogyakarta
6160435788,node,Sate & Tongseng Bu Sumini,restaurant,-7.6038044,110.2256317,yogyakarta
6163683485,node,Gudeg Sagan,restaurant,-7.777852,110.3797797,yogyakarta
6165118420,node,Warna Media,internet_cafe,-7.8268552,110.3995079,yogyakarta
6183142985,node,Bond Cafe ＆ Bakery,restaurant,-7.6082429,110.209073,yogyakarta
6206959493,node,Sambel Layah,restaurant,-7.577549,110.2747457,yogyakarta
6214984585,node,Ekologi Desk & Coffee,cafe,-7.7583319,110.3920192,yogyakarta
6247836185,node,Pak Prayit Tanjung Restaurant,restaurant,-7.5267746,110.1879802,yogyakarta
6259023999,node,Cafe de Paris,restaurant,-8.0272029,110.3376396,yogyakarta
6266740015,node,Yogyakarta Bray Batagor,restaurant,-7.8129767,110.4154887,yogyakarta
6267351618,node,Easy Garden Restaurant & Cafe,restaurant,-7.817961,110.3613666,yogyakarta
6276124286,node,Depot Veggie,restaurant,-7.8183251,110.3682891,yogyakarta
6276510830,node,Mezzanine,restaurant,-7.7307688,110.3787614,yogyakarta
6278524783,node,warung SS,restaurant,-7.70677,110.4116364,yogyakarta
6294913227,node,Tulip Living,restaurant,-7.7411182,110.3686449,yogyakarta
6295292385,node,zkitchen coffee&resto,cafe,-7.741374,110.3692409,yogyakarta
6302925933,node,Hungry Nomad,restaurant,-7.8201856,110.3704115,yogyakarta
6327275159,node,Bungong Jeumpa,restaurant,-7.7780098,110.3644388,yogyakarta
6328803094,node,Warung kopi koboi,restaurant,-7.8431035,110.3860237,yogyakarta
6332540361,node,Waroeng SS Kyai Mojo,restaurant,-7.7820842,110.3554426,yogyakarta
6335605798,node,Art Kitchen,restaurant,-7.8201007,110.3690904,yogyakarta
6342471370,node,Kedai Kopi Pari,restaurant,-7.7620365,110.1205538,yogyakarta
6347111163,node,Kopi 'ijo',restaurant,-7.7898879,110.3800969,yogyakarta
6359777566,node,Padang Vegan Damai,restaurant,-7.7932923,110.3667089,yogyakarta
6367150336,node,Java Poetry,restaurant,-7.7803248,110.3760422,yogyakarta
6367235517,node,AOA Resto & Creative Space,restaurant,-7.767783,110.3973745,yogyakarta
6369909889,node,Vege Jambon,restaurant,-7.7681785,110.3560442,yogyakarta
6399954954,node,Vege Jawi,restaurant,-7.7919019,110.4029148,yogyakarta
6413597524,node,Ss Sensasi Puedass,restaurant,-7.7314705,110.3990475,yogyakarta
6415465392,node,Sego Pecel Madiun Mergoroso,restaurant,-7.8108466,110.4054965,yogyakarta
6415526073,node,Warung Es Degan Mas Ndargo,restaurant,-7.674093,110.5630393,yogyakarta
6415619771,node,Ansor's restaurant,restaurant,-7.5818228,110.2457827,yogyakarta
6415843585,node,Ria Kepoh,restaurant,-7.6506254,110.6842656,yogyakarta
6444449985,node,Cup of Java (luwak kopi),cafe,-7.809716,110.3589076,yogyakarta
6454922285,node,Katamata,cafe,-7.9625796,110.6220634,yogyakarta
6507784886,node,Awor Gallery & Coffee,cafe,-7.780282,110.3734817,yogyakarta
6508683288,node,kedai coklat coffee,restaurant,-7.596318,110.2003598,yogyakarta
6508726385,node,Sate Ratu,restaurant,-7.752374,110.3631935,yogyakarta
6571816865,node,Rumah Makan Ayam Goreng Laos,restaurant,-7.711689,110.0084036,yogyakarta
6571816866,node,Bebek Goreng H. Slamet,restaurant,-7.7133255,110.010622,yogyakarta
6571816871,node,The Smith Caffe,cafe,-7.7098579,110.0127367,yogyakarta
6579684083,node,Soto Semarang,restaurant,-7.7132766,110.015364,yogyakarta
6579964229,node,Ayam Geprek Move On,restaurant,-7.7136546,110.0142434,yogyakarta
6579964236,node,Sop KBM Purworejo,restaurant,-7.7249042,110.0239326,yogyakarta
6591142698,node,Starbucks,cafe,-7.7949335,110.365458,yogyakarta
6598999085,node,Pangena Family Resto & Coffee Shop,restaurant,-7.7232706,110.0048211,yogyakarta
6616109857,node,D'WEDHANK WISATA SUROLOYO,cafe,-7.6472978,110.1802021,yogyakarta
6678196351,node,Soto Lenthok Pak Ali,restaurant,-7.8063521,110.3603395,yogyakarta
6680921575,node,Starbucks,cafe,-7.7826063,110.3791029,yogyakarta
6704977785,node,Timbul Roso,restaurant,-7.6542512,110.4313946,yogyakarta
6709234685,node,Lapangan Mini,restaurant,-7.8281487,110.3656033,yogyakarta
6720311375,node,Soto Seger,restaurant,-7.6981525,110.0000948,yogyakarta
6720311376,node,Warung Lesehan Mbak Tin,restaurant,-7.7257353,110.0038764,yogyakarta
6720311377,node,Resto & Cafe H. Dargo,restaurant,-7.7261416,110.0036982,yogyakarta
6720311378,node,Sambel Layah Purworejo,restaurant,-7.7245345,110.0049182,yogyakarta
6721864786,node,Wedang sawah,restaurant,-7.6579985,110.4724027,yogyakarta
6732315340,node,Kopen Coffee,cafe,-7.7560014,110.4019174,yogyakarta
6774450585,node,Kete Muan,restaurant,-7.7986928,110.3620464,yogyakarta
6778870728,node,Angkringan Plataran,cafe,-7.5343507,110.7707911,yogyakarta
6780317586,node,Omah Kopi Loewak,cafe,-7.8090233,110.3621536,yogyakarta
6780921541,node,Lombok Idjo,restaurant,-7.782632,110.3635807,yogyakarta
6782405185,node,Kopi Ampirono,cafe,-7.7502655,110.1912738,yogyakarta
6792967156,node,Bakso & Mi Ayam Ceker Mas Nano,restaurant,-7.7064119,110.0081165,yogyakarta
6794624941,node,Cozy Coffee Corner Purworejo,cafe,-7.7123664,110.011234,yogyakarta
6794624943,node,Soto Salur Bu Mul,restaurant,-7.7087503,110.0123217,yogyakarta
6794624944,node,Soto Kharisma,restaurant,-7.7156576,110.0151884,yogyakarta
6813348785,node,Snack & drinks good gado gado,restaurant,-7.8063235,110.3668978,yogyakarta
6836326186,node,Pikali Pizzeria,restaurant,-7.7514415,110.375528,yogyakarta
6846516386,node,Seafood 99,restaurant,-7.7314893,110.3831545,yogyakarta
6846537285,node,Ruminate,cafe,-7.7505754,110.3734439,yogyakarta
6854796285,node,Soto Medan,restaurant,-7.5569239,110.2276771,yogyakarta
6883876985,node,Warung Sate Ayam,restaurant,-7.6068138,110.2102734,yogyakarta
6897174109,node,Pacific,restaurant,-7.7656356,110.3614814,yogyakarta
6929894776,node,empat%,cafe,-7.9317664,110.5715279,yogyakarta
6953488626,node,Thai Corner,restaurant,-7.780197,110.3924552,yogyakarta
6956952785,node,Kopi Ampirono,cafe,-7.75014,110.1915045,yogyakarta
6976576585,node,Bakso Seleraku,restaurant,-7.8085911,110.366693,yogyakarta
6979849185,node,Arkadia,restaurant,-7.8193058,110.3700674,yogyakarta
6984552213,node,Pelataran Puan Kopi & Tumbuh,restaurant,-7.8170311,110.3470344,yogyakarta
6984812085,node,Saorsa Selatan,cafe,-7.8196821,110.3431958,yogyakarta
7011941585,node,Bakso Klenger 2 Ratu Sari. The biggest Bakso in town,restaurant,-7.7757387,110.4041962,yogyakarta
7014275485,node,Bakmi Shi Bhi Su,restaurant,-7.8216732,110.3553365,yogyakarta
7038441385,node,Moerni 78,restaurant,-7.791139,110.3724615,yogyakarta
7057954288,node,Sate Ayam Podomoro,restaurant,-7.7958779,110.3689638,yogyakarta
7058286085,node,ocean food,cafe,-8.0130591,110.2903423,yogyakarta
7071652385,node,Kota Kembang,restaurant,-7.7937032,110.3782239,yogyakarta
7080090770,node,Penyetan Lalapan Akang Jakal (Spesial Lalap & Sambal Sepuasnya),restaurant,-7.7246782,110.4007359,yogyakarta
7095055985,node,Rumah Makan Airport,restaurant,-7.7856037,110.4359983,yogyakarta
7097495250,node,Hello Steaklovers,restaurant,-7.7978685,110.3523262,yogyakarta
7097513471,node,Salad Moi,restaurant,-7.8113108,110.3404805,yogyakarta
7097545227,node,Upload,restaurant,-7.8012414,110.3553808,yogyakarta
7097546068,node,Gudeng Legeda,restaurant,-7.7917869,110.3534955,yogyakarta
7097546659,node,Waroeng Steak & Shake,restaurant,-7.8005668,110.3463843,yogyakarta
7097562134,node,Kingli,cafe,-7.8071804,110.3395054,yogyakarta
7097841488,node,Tirana art house & kitchen,cafe,-7.8177449,110.3574554,yogyakarta
7098192760,node,Ruang Seduh,cafe,-7.8192176,110.369969,yogyakarta
7106596558,node,Salero Minang Group,restaurant,-7.7113903,110.0085899,yogyakarta
7106596559,node,Oye Oye Pizza and Platter,restaurant,-7.7111923,110.0082895,yogyakarta
7106596560,node,Keik Tape 57 Purworejo,restaurant,-7.7098727,110.0068706,yogyakarta
7106596561,node,Bebek Goreng Pak H.Dargo,restaurant,-7.7084427,110.0115967,yogyakarta
7117167282,node,,internet_cafe,-7.8040222,110.3564793,yogyakarta
7117192782,node,Warung Makan Mbak Rini,restaurant,-7.8076484,110.358648,yogyakarta
7117206087,node,Gosambih,restaurant,-7.8047221,110.3694864,yogyakarta
7119275592,node,Bakmi Jowo Mas Yono,restaurant,-7.7229762,110.0234225,yogyakarta
7119275595,node,Sate Tambak,restaurant,-7.7199914,110.0242943,yogyakarta
7119275596,node,Bakso Rudal,restaurant,-7.7152749,110.0188319,yogyakarta
7119275657,node,Warung Makan Reny,restaurant,-7.7133466,110.0159325,yogyakarta
7122114285,node,Benoa Cafe & Resto,restaurant,-7.50864,110.2053315,yogyakarta
7144468027,node,Ayam Goreng Bugisan,restaurant,-7.7782723,110.4320261,yogyakarta
7144527855,node,Belluga,cafe,-7.7688202,110.390255,yogyakarta
7162338833,node,Goeboeg Resto,restaurant,-7.8107398,110.4081476,yogyakarta
7226657185,node,Pak Uzzan - Baksol & Mie Ayam,restaurant,-7.8042805,110.3572531,yogyakarta
7247145208,node,Kedai NyonyaMuda,cafe,-7.8008599,110.3216516,yogyakarta
7252244985,node,Kopi Pakpos,cafe,-7.8016447,110.3652865,yogyakarta
7253994286,node,,restaurant,-7.8176861,110.3579526,yogyakarta
7276219185,node,Kebon Ndalem,cafe,-7.7825535,110.3668646,yogyakarta
7796519368,node,Asisnet Bosse Com,internet_cafe,-7.6968331,110.7028039,yogyakarta
7805410940,node,Roemi - Rumah Mirota,restaurant,-7.7856143,110.3743158,yogyakarta
7808417592,node,Warung Makan Mak'e,restaurant,-7.7887026,110.3769106,yogyakarta
7808417593,node,Mie Gacoan,restaurant,-7.7885116,110.3751467,yogyakarta
7808417598,node,Sio Manise Seafood,restaurant,-7.7886023,110.3773979,yogyakarta
7808417599,node,Rumah Makan Padang Andalas Raya,restaurant,-7.7886632,110.377216,yogyakarta
7809692827,node,Sego Empal Bu Warno,restaurant,-7.7887943,110.376526,yogyakarta
7811256798,node,Dimsum Sembilan Naga,cafe,-7.7881903,110.3723525,yogyakarta
7811256799,node,Angkringan Semar Jogja,restaurant,-7.7894611,110.3700634,yogyakarta
7811468604,node,Nasi Goreng Kambing,restaurant,-7.7883717,110.3772623,yogyakarta
7811468606,node,Warung Makan,restaurant,-7.7889073,110.3748118,yogyakarta
7811468607,node,Warung Makan Bu Seno,restaurant,-7.7888465,110.3757242,yogyakarta
7811468608,node,Angkringan Yono,restaurant,-7.7884847,110.3765667,yogyakarta
7811468609,node,Warung Makan dan Gorengan,restaurant,-7.7889704,110.3741104,yogyakarta
7811468611,node,Nasi Goreng Sapi,restaurant,-7.7883347,110.3773269,yogyakarta
7848306227,node,Angkringan,restaurant,-7.7878667,110.3773088,yogyakarta
7850741002,node,Angkringan Mbak Sri,restaurant,-7.7878113,110.378067,yogyakarta
7859875581,node,Jeeva Cafe,cafe,-7.7848099,110.3753937,yogyakarta
7859890089,node,Warung Bu Endang,restaurant,-7.7836614,110.3761059,yogyakarta
7859890090,node,Warung Bakso,restaurant,-7.7836259,110.3761227,yogyakarta
7859923660,node,Warmindo Podjok,restaurant,-7.7862429,110.3762131,yogyakarta
7862020491,node,Warung Makan Pecel Lele,restaurant,-7.7883803,110.3716659,yogyakarta
7862020492,node,Nasi Goreng Kambing,restaurant,-7.7882789,110.371843,yogyakarta
7862132538,node,Warung Makan Berkah,restaurant,-7.7888966,110.3778824,yogyakarta
7862132540,node,Angkringan Pak Tri,restaurant,-7.788707,110.3785669,yogyakarta
7864044437,node,Angkringan Denpal,restaurant,-7.7915402,110.3777711,yogyakarta
7864044440,node,Angkringan,restaurant,-7.7900984,110.3780005,yogyakarta
7867387740,node,Awor Cafe,cafe,-7.7870483,110.3787277,yogyakarta
7867387741,node,Phuket Noodle,restaurant,-7.7877758,110.3785982,yogyakarta
7867387744,node,Warung Makan Simple Food,restaurant,-7.788046,110.3785644,yogyakarta
7867529287,node,Warung Makan Bakmi dan Nasi Goreng,restaurant,-7.7889227,110.3738316,yogyakarta
7868743424,node,Warung Makan 97,restaurant,-7.7871531,110.3791293,yogyakarta
7868743427,node,Warung Nasi dan Mie Ayam Obar-abir,restaurant,-7.787488,110.3786392,yogyakarta
7868803541,node,Warung Makan Polsek,restaurant,-7.7883556,110.3782723,yogyakarta
7868803542,node,Warung Makan Fresco,restaurant,-7.788415,110.3778703,yogyakarta
7877729979,node,Depot Instan,restaurant,-7.7891503,110.3758047,yogyakarta
7880489257,node,Simetri Cafe,cafe,-7.7842538,110.3742482,yogyakarta
7880489258,node,Nii-Ku,restaurant,-7.7852273,110.372214,yogyakarta
7880489262,node,Raminten Kitchen,restaurant,-7.7843927,110.3721924,yogyakarta
7880489263,node,Twister,restaurant,-7.7850614,110.3722121,yogyakarta
7894042046,node,Warung Soto,restaurant,-7.7878635,110.3783945,yogyakarta
7904741192,node,Mak Semarangan Express,restaurant,-7.7719965,110.409514,yogyakarta
7972742685,node,Bincang Kopi,cafe,-7.7780601,110.3759366,yogyakarta
8058717985,node,MIE YAMIN,restaurant,-7.6067588,110.2099445,yogyakarta
8070548536,node,,restaurant,-7.9300695,110.430569,yogyakarta
8147526423,node,Museum Coklat Monggo,cafe,-7.8406161,110.2979491,yogyakarta
8178797308,node,Rumah Mangrove Komangjo Foundation,cafe,-7.725477,110.0001804,yogyakarta
8200181117,node,Wedangan Gareng,restaurant,-7.5581478,110.7933871,yogyakarta
8224108179,node,Warung Mepet Sawah,restaurant,-7.6865698,110.563047,yogyakarta
8242311049,node,Gendhis Resto,restaurant,-7.8193809,110.1209326,yogyakarta
8313786011,node,Kedai Kopi Gong Kulon Progo,cafe,-7.7177708,110.221719,yogyakarta
8355129657,node,Tengkleng Gajah,restaurant,-7.7300089,110.4056561,yogyakarta
8355174048,node,,cafe,-7.7315398,110.3992067,yogyakarta
8377630634,node,Point Coffee,cafe,-7.7283714,110.3989862,yogyakarta
8385940759,node,Soto,restaurant,-7.9126913,110.5551469,yogyakarta
8419588985,node,SBC Spesial Cah Kangkung,restaurant,-7.7563698,110.3728406,yogyakarta
8430275491,node,Mie Bonafide,restaurant,-7.7869927,110.3737176,yogyakarta
8483170633,node,YAMMI Chicken And Coffee,cafe,-7.5095522,110.5977614,yogyakarta
8519277413,node,Loko Coffee Shop,cafe,-7.7897939,110.3659966,yogyakarta
8570433137,node,Point Coffee,cafe,-7.7606429,110.3692488,yogyakarta
8601222007,node,Griya Margoagung A3,restaurant,-7.70248,110.313937,yogyakarta
8632584961,node,Sop Ayam Pak Min Klaten,restaurant,-7.788306,110.3735082,yogyakarta
8736011970,node,,restaurant,-7.8066074,110.2361593,yogyakarta
8853552056,node,Soto Ayam Pak B Sidokabul,restaurant,-7.8204099,110.3794672,yogyakarta
8914172894,node,Nasi Goreng MASHA,cafe,-7.7712239,110.389875,yogyakarta
8962881122,node,Sugar Boba UMY,restaurant,-7.8065801,110.3279731,yogyakarta
8962881123,node,Griya Bakpia,restaurant,-7.8065969,110.3279054,yogyakarta
8962881124,node,Warmindo Motekar 8,restaurant,-7.8072021,110.3280062,yogyakarta
8962881125,node,Say Story Umy,restaurant,-7.8074972,110.3280024,yogyakarta
8962881126,node,Nasi Goreng Pak Yono,restaurant,-7.8078743,110.3280253,yogyakarta
9143674942,node,Swasana by Temata Yogyakarta,restaurant,-7.7259288,110.4002623,yogyakarta
9149567408,node,Kopi Kemarin,cafe,-7.787066,110.3722044,yogyakarta
9155576725,node,Ayam Geprek dan Prasmanan,restaurant,-7.7862291,110.3711677,yogyakarta
9158972449,node,Warung Makan Ibu Sofi Darsim,restaurant,-7.784819,110.3759911,yogyakarta
9161072858,node,Nasi Goreng Mas Tarman,restaurant,-7.7878417,110.3723956,yogyakarta
9165415465,node,Kantin OK,restaurant,-7.787876,110.3778171,yogyakarta
9167786602,node,Sate Ayam Pak Amat,restaurant,-7.785113,110.3749056,yogyakarta
9167788328,node,Jnawi,cafe,-7.7857584,110.3759922,yogyakarta
9174098803,node,Warung Bakmi Ngangeni,restaurant,-7.7882086,110.3785368,yogyakarta
9175232114,node,Janji Jiwa,cafe,-7.7833638,110.3750572,yogyakarta
9175271265,node,Oseng-oseng Mercon Bu Narti,restaurant,-7.7875926,110.3734217,yogyakarta
9179658778,node,SEBLAK CORNER,cafe,-8.0830979,110.7737772,yogyakarta
9181045365,node,Angkringan Barokah,restaurant,-7.7882815,110.37854,yogyakarta
9184084957,node,Soto Ayam Code - Mak Sri,restaurant,-7.7867906,110.3685273,yogyakarta
9191142225,node,Warung Makan Sederhana,restaurant,-7.7874986,110.3797644,yogyakarta
9191142228,node,Penyetan Moe,restaurant,-7.7873407,110.379339,yogyakarta
9191142230,node,Warmindo,restaurant,-7.7873594,110.3793843,yogyakarta
9191142231,node,Rumah Makan Baru,restaurant,-7.7873159,110.3792327,yogyakarta
9194565897,node,Warmindo,restaurant,-7.7869694,110.3787339,yogyakarta
9194567503,node,Bubur Ayam Kotabaru,restaurant,-7.7842858,110.3755722,yogyakarta
9194593864,node,Tuscan,restaurant,-7.783522,110.3792448,yogyakarta
9194593865,node,Gudeg Mirasa,restaurant,-7.783317,110.3792771,yogyakarta
9200943211,node,Kebab Bosman,restaurant,-7.7850401,110.379017,yogyakarta
9200965804,node,Pondok Makan Bu Mardi,restaurant,-7.7818893,110.3752658,yogyakarta
9203186226,node,Angkringan,restaurant,-7.7883922,110.3755875,yogyakarta
9205485633,node,Doniteni,restaurant,-7.7874405,110.3796057,yogyakarta
9205485637,node,Threesna Cafe,cafe,-7.78753,110.3798397,yogyakarta
9205485638,node,Warung Makan Pak Lay,restaurant,-7.7875036,110.3802238,yogyakarta
9205583197,node,Rumah Makan Jagad Kriuk,restaurant,-7.7860918,110.3823788,yogyakarta
9205583198,node,Nasi Liwet Solo Wong Lemu,restaurant,-7.7860864,110.3824909,yogyakarta
9205583199,node,Lumpia Rebung Bu Tatik,restaurant,-7.7860982,110.3823283,yogyakarta
9205583200,node,Sego Pecel Blora Dhong Jati,restaurant,-7.7860863,110.3828769,yogyakarta
9205583201,node,Nasi Goreng Kambing,restaurant,-7.7860866,110.3824294,yogyakarta
9205583202,node,Bakso Urat Soringin Arema,restaurant,-7.7860877,110.3825765,yogyakarta
9206900903,node,Nasi Brongkos Bu Rahman,restaurant,-7.7879963,110.3772867,yogyakarta
9208431564,node,Ayam Bakar & Penyetan,restaurant,-7.7862143,110.3821928,yogyakarta
9208431565,node,Soto Langensari,restaurant,-7.7862633,110.3821481,yogyakarta
9208431567,node,Siomay & Batagor,restaurant,-7.7862404,110.3821602,yogyakarta
9217234772,node,Warung Makan Amunasi,restaurant,-7.7816819,110.3794195,yogyakarta
9217234773,node,Waruga Warmindo - Burjo,restaurant,-7.782868,110.3793796,yogyakarta
9217234774,node,Ka Story,restaurant,-7.7825159,110.3793919,yogyakarta
9217234775,node,Sae Chicken - Warung 543,restaurant,-7.7836891,110.3792365,yogyakarta
9217234777,node,Mie Aceh - Duta Serambi,restaurant,-7.7827734,110.3793417,yogyakarta
9217234778,node,Sushiruma,restaurant,-7.7815735,110.3794209,yogyakarta
9217234779,node,Mikuya,restaurant,-7.782423,110.3793968,yogyakarta
9219846872,node,Mie Ayam Kobar Jaya,restaurant,-7.7872179,110.3709391,yogyakarta
9222486037,node,Warung 27,restaurant,-7.7766031,110.3759177,yogyakarta
9222486039,node,Bubur Ayam Jakarta,restaurant,-7.777929,110.3758632,yogyakarta
9222486041,node,Warung Makan DPR,restaurant,-7.777716,110.3758917,yogyakarta
9222486042,node,Warmindo Sumber Vitamin,restaurant,-7.776414,110.3759234,yogyakarta
9222486043,node,Warmindo,restaurant,-7.7778615,110.3757179,yogyakarta
9222486044,node,Nasi Uduk Uni Al,restaurant,-7.7764892,110.3759239,yogyakarta
9222486046,node,Warung Pak Jon,restaurant,-7.777821,110.3758774,yogyakarta
9222644141,node,Bubur Ayam Salbiyah,restaurant,-7.7760687,110.3778421,yogyakarta
9222644148,node,Angkringan DPR,restaurant,-7.7760763,110.3780427,yogyakarta
9229319595,node,Bakso dan Mie Ayam Yatmin,restaurant,-7.7882117,110.3773379,yogyakarta
9231358347,node,Warung Makan Sari Soto,restaurant,-7.538018,110.6559369,yogyakarta
9238427317,node,KONG KONG,restaurant,-7.7764844,110.3417868,yogyakarta
9238970627,node,Thank You Susu & Kopi,cafe,-7.6587069,110.6761758,yogyakarta
9239350893,node,Warnet DOTNET,internet_cafe,-7.658632,110.6761192,yogyakarta
9239859624,node,Pawon Mbak Sari,restaurant,-7.5932573,110.1820417,yogyakarta
9239863465,node,Rumah Makan Sehati Borobudur,restaurant,-7.5950001,110.1832065,yogyakarta
9242835811,node,Coolhands,cafe,-7.7885708,110.3776305,yogyakarta
9242835812,node,Warung Makan Bu Uli,restaurant,-7.7890903,110.3765167,yogyakarta
9252270615,node,Mie Ayam Asalam,restaurant,-7.7861972,110.3758595,yogyakarta
9252270617,node,Soto Ayam,restaurant,-7.7863022,110.3761118,yogyakarta
9252270618,node,Siomay Kotabaru,restaurant,-7.7859728,110.3747143,yogyakarta
9252270619,node,Angkringan,restaurant,-7.7861119,110.3754528,yogyakarta
9270669213,node,Warung Goyang Lidah,restaurant,-7.7862229,110.3761391,yogyakarta
9331332723,node,Terasloka,restaurant,-7.8472975,110.2157772,yogyakarta
9392036388,node,,restaurant,-7.7698252,110.1210249,yogyakarta
9442101297,node,Kopi Nuri,restaurant,-7.8550364,110.3550446,yogyakarta
9460336582,node,,restaurant,-7.8954849,110.520343,yogyakarta
9488345968,node,Rumah Makan Bu Sum Klaten,restaurant,-7.685754,110.6400033,yogyakarta
9505300231,node,De Celine Restaurant & Patisserie,restaurant,-7.7859347,110.3718056,yogyakarta
9515922832,node,Kedai Nyah Tan Li,restaurant,-7.8459777,110.3380415,yogyakarta
9663649829,node,Dapur New Yorkarto,restaurant,-7.7302007,110.4533927,yogyakarta
9670086397,node,Bakso dan Mie Ayam Semulur,restaurant,-7.7367644,110.4823444,yogyakarta
9670244702,node,Angkringan Sempulur Jogja,cafe,-7.726662,110.4351778,yogyakarta
9670255692,node,Warmindo Restu Bunda,restaurant,-7.7623853,110.4493943,yogyakarta
9670255883,node,Family Wader,restaurant,-7.7368398,110.4440166,yogyakarta
9670259499,node,Cafe Warung Idhe Tentang Rasa,restaurant,-7.7911189,110.446671,yogyakarta
9670264951,node,Warung Kopi Tobong Boto,cafe,-7.7370356,110.447031,yogyakarta
9671789128,node,Soto Bathok kebon,restaurant,-7.8028555,110.4450155,yogyakarta
9671808301,node,Alif Coffee & Space,restaurant,-7.7361875,110.4271851,yogyakarta
9671845964,node,Gudeg,restaurant,-7.7229755,110.4351536,yogyakarta
9676516711,node,Cafe Ngopa Ngopi Ngopo,cafe,-7.7357146,110.4382015,yogyakarta
9676545305,node,Disawa Pawon,restaurant,-7.7129249,110.4400267,yogyakarta
9678942457,node,Soto Gedhek Kalasan,restaurant,-7.7413432,110.4605312,yogyakarta
9678948389,node,Ayam Goreng Mbak Tia,restaurant,-7.7399351,110.4817379,yogyakarta
9678949966,node,Burjo Gavindo,restaurant,-7.7415458,110.46134,yogyakarta
9681842134,node,Lingua eatery and coffee,restaurant,-7.7774733,110.3607966,yogyakarta
9682458699,node,Muyegh Bakso Isi & Fried Chicken,restaurant,-7.744336,110.4711565,yogyakarta
9684851601,node,Adem Ayem,restaurant,-7.5470643,110.7799759,yogyakarta
9684868467,node,Grandis Barn,restaurant,-7.5411764,110.7643791,yogyakarta
9684868469,node,Waroeng Penyet Banyuwangi,restaurant,-7.5497184,110.7857601,yogyakarta
9684873067,node,Bandha,restaurant,-7.5390241,110.7619476,yogyakarta
9684875958,node,Bakso Mie Ayam,restaurant,-7.7514681,110.4345006,yogyakarta
9690688578,node,Warung Bu Baha,restaurant,-7.8275133,110.4058756,yogyakarta
9696642489,node,Jogja Airport Resto,restaurant,-7.7710476,110.4493941,yogyakarta
9696998063,node,Menantea,cafe,-7.7698831,110.4096128,yogyakarta
9697406461,node,Bakso Pa' Jero,restaurant,-7.776769,110.3848296,yogyakarta
9697446970,node,Djawara Bakso & Mie Ayam,restaurant,-7.7911091,110.4464554,yogyakarta
9697468007,node,Ayam Goreng Suharti,restaurant,-7.783068,110.4133512,yogyakarta
9697468607,node,Cafe Lintas Senja,cafe,-7.7839631,110.4469483,yogyakarta
9697471983,node,Preksu Ayam Geprek & Susu,restaurant,-7.777742,110.385054,yogyakarta
9697472587,node,Yamie Lampion,restaurant,-7.7777231,110.3853247,yogyakarta
9704527428,node,R.M. Janjang Ameh,restaurant,-7.7387564,110.4518616,yogyakarta
9704544334,node,belikopi.,cafe,-7.7640881,110.4114839,yogyakarta
9704557259,node,Soto Batok X-Kuning,restaurant,-7.7369037,110.4445512,yogyakarta
9704827156,node,Kopi Plosok dan Sego Thiwul,restaurant,-7.7281029,110.4169824,yogyakarta
9704858760,node,Mie Ayam & Bakso Mas Eko,restaurant,-7.731497,110.420854,yogyakarta
9705033215,node,Susuperah,cafe,-7.753191,110.4481888,yogyakarta
9705060074,node,Rumah Makan Rata-Rata,restaurant,-7.7451336,110.4498647,yogyakarta
9705069232,node,Mbah Mayor Cafe,cafe,-7.7415584,110.4510856,yogyakarta
9705070295,node,Bakso dan Mie Ayam Barokah,restaurant,-7.7592132,110.4495962,yogyakarta
9709398297,node,Kopi Perahu Prambanan,restaurant,-7.7506145,110.4852687,yogyakarta
9709412795,node,Bakmi Jawa Legendaris Mbah Gombloh,restaurant,-7.7362142,110.479174,yogyakarta
9710408765,node,Green House Coffee&Eatery,cafe,-7.5565379,110.7909035,yogyakarta
9710618985,node,Mie Goceng Plus,restaurant,-7.7597744,110.4707287,yogyakarta
9719582098,node,Angkringan Soringan Daris,restaurant,-7.7391894,110.4520085,yogyakarta
9719583744,node,Penyetan Mas Kobis,restaurant,-7.7392828,110.4519657,yogyakarta
9719970485,node,Gendhis,restaurant,-7.7383062,110.4209346,yogyakarta
9720000343,node,Warung Makan Keluarga,restaurant,-7.7525683,110.485842,yogyakarta
9720020690,node,Waroeng Damandiri,restaurant,-7.7515497,110.4847861,yogyakarta
9722416776,node,Bakso & Mie Suketz,restaurant,-7.7445671,110.4500699,yogyakarta
9722417380,node,Warmindo Manise,restaurant,-7.7748111,110.4491718,yogyakarta
9722467006,node,Olive Fried Chicken,restaurant,-7.7820246,110.450424,yogyakarta
9722477537,node,Bakso Raksasa,restaurant,-7.7513483,110.4710617,yogyakarta
9722479026,node,Soto & Bakso Tarunojoyo 2,restaurant,-7.7744648,110.4633954,yogyakarta
9722493990,node,Mie Ayam Bakso Tok-Tok,restaurant,-7.7557494,110.4481768,yogyakarta
9722497012,node,Gurame Bakar,restaurant,-7.7527797,110.4482291,yogyakarta
9722506450,node,Ayam Penyet Kalasan,restaurant,-7.7753647,110.4626334,yogyakarta
9722506452,node,Soto Merapi,restaurant,-7.7607457,110.4705387,yogyakarta
9722509402,node,RM. Sate Kambing Muda Balibul,restaurant,-7.7810296,110.4511279,yogyakarta
9722509794,node,Warmindo Booyah,restaurant,-7.7726644,110.4489263,yogyakarta
9722509795,node,Bistik Sapi & Sayur,restaurant,-7.7770125,110.4494491,yogyakarta
9722510479,node,Mie Ayam Putera,restaurant,-7.7593386,110.4472624,yogyakarta
9722510480,node,Kedai Kita,restaurant,-7.7765691,110.4493561,yogyakarta
9722511218,node,Sate Barokah,restaurant,-7.75754,110.4472302,yogyakarta
9722511219,node,Bakso & Mie Ayam Nio,restaurant,-7.7698133,110.4489306,yogyakarta
9722511220,node,Bakso Sido Khasil,restaurant,-7.778369,110.4498668,yogyakarta
9722512072,node,Jogja Chicken,restaurant,-7.7739914,110.4640397,yogyakarta
9722512775,node,Bakso Krezzz,restaurant,-7.7693308,110.4693188,yogyakarta
9722519998,node,Warung Ayam Goreng Kremes,restaurant,-7.7500262,110.4487306,yogyakarta
9722519999,node,Mie Ayam Bakso Anugerah 2,restaurant,-7.7607002,110.4705394,yogyakarta
9725537291,node,Warung Siomay Kang Yuda,restaurant,-7.7495999,110.4711375,yogyakarta
9725611254,node,Warmindo Speedneet,restaurant,-7.7445004,110.4716925,yogyakarta
9725615651,node,Ayam Goreng Nyambleng Jogja,restaurant,-7.7484409,110.4711565,yogyakarta
9725624818,node,Warung Makan Dek Kirana,restaurant,-7.743426,110.47753,yogyakarta
9725628653,node,Soto dan Gudeg,restaurant,-7.7521194,110.4709392,yogyakarta
9725630572,node,Warung Kopi & Warung Makan nDeso,restaurant,-7.7439321,110.480616,yogyakarta
9725632643,node,Kedulan Resto & Cafe,restaurant,-7.7425073,110.4798788,yogyakarta
9725892871,node,Chunda,restaurant,-7.7838165,110.4184724,yogyakarta
9725912656,node,Thyme,restaurant,-7.7829614,110.4059256,yogyakarta
9728438844,node,Soto & Angkringan Dhuwur Kalen,restaurant,-7.7742549,110.4547662,yogyakarta
9728575655,node,Mbok Reneo Warung,restaurant,-7.7555963,110.4852554,yogyakarta
9729524951,node,Kopi Mego,restaurant,-7.761378,110.1180914,yogyakarta
9740774913,node,Warung Lumintu,restaurant,-7.7372129,110.4453833,yogyakarta
9740795128,node,Bakso & Mie Ayam CeKa,restaurant,-7.7354468,110.4367855,yogyakarta
9740796650,node,Sate Kambing mbak arum,restaurant,-7.7410823,110.4814268,yogyakarta
9740819145,node,OmahSawah Food Corner,restaurant,-7.7388976,110.4283212,yogyakarta
9740819532,node,Warung Srawung,restaurant,-7.7369452,110.4519461,yogyakarta
9740826618,node,Mie Ayam Tiara 2,restaurant,-7.7371526,110.445249,yogyakarta
9743451374,node,Ayam Geprek Bu Kris Bogem,restaurant,-7.7558935,110.4860505,yogyakarta
9743455927,node,Bakmi Jawa Bu Kris Bogem,restaurant,-7.7558856,110.485956,yogyakarta
9748478550,node,Warunk Spesial Pagi Sore,restaurant,-7.759268,110.4492145,yogyakarta
9748480801,node,Burjo Borneo,restaurant,-7.763493,110.4117738,yogyakarta
9748820160,node,Mie Ayam Bakso,restaurant,-7.7902673,110.4828419,yogyakarta
9748828109,node,Mie Ayam Wonogiri,restaurant,-7.7786337,110.4823601,yogyakarta
9748830453,node,Yogya Chicken,restaurant,-7.7932553,110.4828597,yogyakarta
9748830454,node,Warung PBS,restaurant,-7.7881533,110.4845777,yogyakarta
9748830539,node,Sop Ayam,restaurant,-7.7927826,110.4828499,yogyakarta
9748832682,node,,restaurant,-7.7821434,110.4829176,yogyakarta
9748834883,node,Rocket Chicken,restaurant,-7.7811447,110.4828285,yogyakarta
9748834957,node,Angkringan Siji,restaurant,-7.7885333,110.4848923,yogyakarta
9748836173,node,Burjo Gapuro,restaurant,-7.792398,110.4792335,yogyakarta
9748839229,node,,restaurant,-7.7894302,110.4828681,yogyakarta
9748840494,node,,restaurant,-7.7861868,110.4827264,yogyakarta
9748842259,node,Kopi Talang,restaurant,-7.7674461,110.4879601,yogyakarta
9748842923,node,Lesehan Mantap Jiwa,restaurant,-7.7871897,110.4824252,yogyakarta
9748846841,node,Resto Maduroso,restaurant,-7.7919264,110.4825985,yogyakarta
9748847219,node,Mie Ayam Bakso Farhan 2,restaurant,-7.7860346,110.4827666,yogyakarta
9751812814,node,Rocket Chicken,restaurant,-7.9139297,110.555385,yogyakarta
9751812815,node,Warung Simbok,restaurant,-7.9297951,110.56755,yogyakarta
9751888093,node,Griya Dhahar,restaurant,-7.8777311,110.5421598,yogyakarta
9751888095,node,SalSari Resto & Cafe,restaurant,-7.9391113,110.576351,yogyakarta
9751892058,node,Bale Ngaso,restaurant,-7.8560028,110.4986609,yogyakarta
9751892059,node,Angkringan Pak Siwo,restaurant,-7.8598273,110.508926,yogyakarta
9751893609,node,,restaurant,-7.876001,110.5315882,yogyakarta
9751893610,node,Bakso Mie Ayam Cak Irin,restaurant,-7.9418279,110.5783551,yogyakarta
9751900390,node,Lesehan Twin Bridge,restaurant,-7.8384309,110.4860725,yogyakarta
9751904504,node,Lesehan Dua Kembar,restaurant,-7.9854043,110.6240579,yogyakarta
9751905442,node,Warung Makan,restaurant,-7.8596222,110.5087312,yogyakarta
9751905444,node,Yu Djum Pusat,restaurant,-7.9104509,110.5544219,yogyakarta
9751905446,node,Baskom,restaurant,-7.9390973,110.5755819,yogyakarta
9751906942,node,Bakmi Jawa,restaurant,-7.8360015,110.4854952,yogyakarta
9751906944,node,Sani Rasa,restaurant,-7.9429227,110.5792689,yogyakarta
9751910469,node,Lesehan Dinda Dewi,restaurant,-7.8768215,110.5329669,yogyakarta
9751912840,node,Sido Kumpul,restaurant,-7.8439756,110.4811177,yogyakarta
9751912841,node,Rest Area Tombo Ngelih,restaurant,-7.8571211,110.5036927,yogyakarta
9751912844,node,Griya Dahar Mbah Bagong,restaurant,-7.9818026,110.6174184,yogyakarta
9751913647,node,Omah Tabon,restaurant,-7.8767899,110.5385538,yogyakarta
9751913653,node,Sego Berkat,restaurant,-7.9875874,110.6285829,yogyakarta
9751913654,node,Bakso Mie Ayam,restaurant,-8.0254142,110.7692891,yogyakarta
9751914985,node,Bakso Mie Ayam,restaurant,-7.8634258,110.5114463,yogyakarta
9751915128,node,Bakso Mie Ayam,restaurant,-7.8363218,110.4768632,yogyakarta
9751919050,node,Pawon Bogem,restaurant,-7.7547799,110.4813258,yogyakarta
9751919054,node,Rm. Tuah Sayo,restaurant,-7.9795842,110.6146206,yogyakarta
9751920534,node,,restaurant,-7.8371961,110.4852375,yogyakarta
9751921069,node,Bu Shinta,restaurant,-7.9264464,110.5641041,yogyakarta
9751922160,node,Warung 7engger,restaurant,-7.8451341,110.480247,yogyakarta
9751922162,node,Rocket Chicken,restaurant,-7.9986072,110.6533722,yogyakarta
9751922163,node,Rumah Makan Berlian,restaurant,-7.9998052,110.7084039,yogyakarta
9751923159,node,Layana Culinary & Spice,restaurant,-7.8376378,110.480974,yogyakarta
9751923160,node,Ayam Geprek Sa'i,restaurant,-7.9717501,110.6064831,yogyakarta
9751924128,node,Bakso Lek No,restaurant,-7.869284,110.5194335,yogyakarta
9751925216,node,Soto Mbah Prapto,restaurant,-7.8733199,110.5278202,yogyakarta
9751925442,node,Warung Makan Mie Ayam Goreng,restaurant,-7.867455,110.5174509,yogyakarta
9751925443,node,Warung Pecel Lele Mbak Novi,restaurant,-7.872596,110.5265009,yogyakarta
9751928748,node,Lek Dar,restaurant,-7.9286441,110.5669784,yogyakarta
9751928886,node,Warung Makan Penyetan,restaurant,-7.8706616,110.523462,yogyakarta
9751929145,node,Pawon Alas,restaurant,-7.8927561,110.5473697,yogyakarta
9751934017,node,Warung Makan Trimo Mie Ayam Bakso,restaurant,-7.8881845,110.5457239,yogyakarta
9763739114,node,Tali Roso,restaurant,-7.7383698,110.376335,yogyakarta
9764193573,node,Sate Kambing Pratama,restaurant,-7.7359536,110.4381679,yogyakarta
9769653616,node,Angkringan Soka,restaurant,-7.7532737,110.4441933,yogyakarta
9769655865,node,Ayam Geprek,restaurant,-7.7533,110.4446899,yogyakarta
9769686823,node,Angkringan Kandang,restaurant,-7.7532889,110.4443913,yogyakarta
9769689788,node,Nasi Goreng La Vida,restaurant,-7.7532717,110.4445204,yogyakarta
9778676476,node,Bakso Dolo,restaurant,-7.7353767,110.4364806,yogyakarta
9778676477,node,Pesona Pingka,restaurant,-7.7355843,110.4149684,yogyakarta
9778690111,node,Warung Angkringan Mbah Kakung,restaurant,-7.7343818,110.4299902,yogyakarta
9778832542,node,Angkringan Mbak Ayu,restaurant,-7.7427417,110.4615157,yogyakarta
9778837428,node,Griya Dhahar & Catering Sumilir,restaurant,-7.7348322,110.4317425,yogyakarta
9778837633,node,,restaurant,-7.7366389,110.4101666,yogyakarta
9778838161,node,Bakso & Mie Ayam Wonogiri,restaurant,-7.7362449,110.4179125,yogyakarta
9778838162,node,Pemadam Kelaparan,restaurant,-7.7368408,110.4140698,yogyakarta
9778843288,node,Angkringan Mayor,restaurant,-7.7414338,110.460858,yogyakarta
9778843289,node,Bakmi Jawa Wijaya,restaurant,-7.7367076,110.4206033,yogyakarta
9778847402,node,Asoka Coffee,restaurant,-7.739557,110.4011046,yogyakarta
9778852358,node,,restaurant,-7.7452641,110.4067169,yogyakarta
9778854723,node,Rocket Chicken,restaurant,-7.7525904,110.4425143,yogyakarta
9780909028,node,Wingking Cafe,restaurant,-7.7868911,110.4635153,yogyakarta
9780963291,node,Rumah Makan Milik Kita,restaurant,-7.7587167,110.4124084,yogyakarta
9780979415,node,Soto Surabaya Pak Di'to,restaurant,-7.7578434,110.4089122,yogyakarta
9784485587,node,Pitoeng Resto,restaurant,-7.7405728,110.4320712,yogyakarta
9784600988,node,Choky Spaghetti,restaurant,-7.745141,110.4339712,yogyakarta
9784603885,node,Sate Tegal Pak Dhe,restaurant,-7.7489538,110.4342407,yogyakarta
9784609257,node,Penyetan Mas Kobis,restaurant,-7.7452092,110.432489,yogyakarta
9789387914,node,Crepzy Steak & Milk,restaurant,-7.5582278,110.7694242,yogyakarta
9789387915,node,Foodpedia UMS,restaurant,-7.557352,110.7696006,yogyakarta
9789387916,node,Dali Gelato & Mediteranean Kitchen,restaurant,-7.5571779,110.7696129,yogyakarta
9789394530,node,Chicken Street,restaurant,-7.5499462,110.7696724,yogyakarta
9789394531,node,Baraka,restaurant,-7.5498777,110.7696917,yogyakarta
9789394533,node,Bakso Blenger,restaurant,-7.5496339,110.7697598,yogyakarta
9789394534,node,CHAPOINT,restaurant,-7.5496742,110.7697497,yogyakarta
9789394535,node,Ngikan,restaurant,-7.549379,110.769829,yogyakarta
9789394536,node,Ber-KUAH,restaurant,-7.5493004,110.7698584,yogyakarta
9789394537,node,Gerobak Ramen,restaurant,-7.5490596,110.7699275,yogyakarta
9789394538,node,Ayam Geprek Solo 02,restaurant,-7.5489518,110.7699601,yogyakarta
9789394539,node,Makaroni Ngehe,restaurant,-7.5489024,110.7699784,yogyakarta
9789394540,node,Cafe Read Canarisla,cafe,-7.5486011,110.7700261,yogyakarta
9789394541,node,Waroeng Spesial Sambal SS Gonilan,restaurant,-7.5478978,110.7717218,yogyakarta
9789394543,node,Panamana Coffee,cafe,-7.5485332,110.7742914,yogyakarta
9789403217,node,Mlyeong Dae Korean Street Food,restaurant,-7.5568939,110.7693302,yogyakarta
9789403220,node,Seblak Street Kitchen UMS,restaurant,-7.5552296,110.7696864,yogyakarta
9789403222,node,Salad Nyoo UMS,restaurant,-7.5544859,110.7696864,yogyakarta
9789403224,node,PETA Steak UMS,restaurant,-7.5517141,110.7705506,yogyakarta
9789403226,node,Zaytun Cafe,cafe,-7.5516449,110.7708426,yogyakarta
9789403227,node,OBASAN Grill and Suki,restaurant,-7.5515782,110.7714348,yogyakarta
9789403228,node,Kopi Manahan,cafe,-7.552073,110.7716197,yogyakarta
9789403229,node,Wedangan Pasti,cafe,-7.5522165,110.7720541,yogyakarta
9789403230,node,Khas Coffe,cafe,-7.5522425,110.7732003,yogyakarta
9789403231,node,The Tower Space,cafe,-7.5516668,110.7731972,yogyakarta
9789403233,node,Snama Kopi,cafe,-7.5514117,110.7734576,yogyakarta
9789403234,node,Popeye Karangasem,restaurant,-7.5527404,110.7739736,yogyakarta
9789403235,node,Umayumcha UMS,restaurant,-7.5523876,110.7740799,yogyakarta
9789403236,node,Pitoe Gendhis Cafe,cafe,-7.5518694,110.7755651,yogyakarta
9789403237,node,Owedangan,cafe,-7.5515756,110.774688,yogyakarta
9789403238,node,Takodocs,cafe,-7.5512445,110.7747578,yogyakarta
9789403239,node,Seja Kedai Mie,restaurant,-7.5511329,110.7746357,yogyakarta
9789403241,node,Manaca Coffee,cafe,-7.5508723,110.7726294,yogyakarta
9789403242,node,Kopi Klawu,cafe,-7.5504509,110.7726938,yogyakarta
9789403243,node,Wedangan Jasmin Solo,cafe,-7.5506436,110.7718744,yogyakarta
9789403244,node,Gemati Coffe & Eatery,cafe,-7.5508643,110.7716451,yogyakarta
9789403246,node,Tropis UMS,cafe,-7.5506755,110.7710147,yogyakarta
9789403247,node,Friend Zone,cafe,-7.5506011,110.7708914,yogyakarta
9789403248,node,Moju-Moju Artisan Drinks,cafe,-7.5505399,110.7706647,yogyakarta
9789403249,node,Pioress Cafe & Space,cafe,-7.5501318,110.7699861,yogyakarta
9789403250,node,Steak Moen-Moen,restaurant,-7.5500167,110.7696545,yogyakarta
9789403252,node,Dapur Mpok Duren UMS,restaurant,-7.5506263,110.7694705,yogyakarta
9789403253,node,Bakso & Mia Ayam,restaurant,-7.5513695,110.7696267,yogyakarta
9789403254,node,Wedangan Jarib,cafe,-7.5513323,110.7694845,yogyakarta
9789403255,node,Dapoer Rakjat,restaurant,-7.5511365,110.7692893,yogyakarta
9789403256,node,Geprek Bakri,restaurant,-7.5510558,110.7693237,yogyakarta
9789403257,node,Kedai Es Buah Blenger,restaurant,-7.5510133,110.7693485,yogyakarta
9789403258,node,Little Emo,cafe,-7.5508039,110.7694082,yogyakarta
9789403259,node,Minoom.ahh,cafe,-7.5507461,110.769429,yogyakarta
9789403260,node,Warung Wajan,restaurant,-7.5506896,110.7694531,yogyakarta
9789403261,node,Mie Mantull,restaurant,-7.5505276,110.7694946,yogyakarta
9789420058,node,Kopi dari Hati Boyolali,cafe,-7.5303576,110.601586,yogyakarta
9789420060,node,Amor Coffee Talks,cafe,-7.528677,110.6013909,yogyakarta
9789420061,node,Ayam Geprek Si Boy,restaurant,-7.5284855,110.6017609,yogyakarta
9789420062,node,DJ Fried Chicken,restaurant,-7.5278044,110.6015637,yogyakarta
9789420063,node,Warunk Cobek,restaurant,-7.5254707,110.6004274,yogyakarta
9789420064,node,Star Steak Boyolali,restaurant,-7.5256064,110.6000415,yogyakarta
9789420065,node,Rocket Chicken Boyolali 02,restaurant,-7.5251913,110.6002387,yogyakarta
9789420066,node,Soto Segar Hj. Fatimah,restaurant,-7.5244315,110.59945,yogyakarta
9789420069,node,Soto Sedaap Boyolali,restaurant,-7.5232788,110.5989723,yogyakarta
9789420070,node,Rajanya Steak,restaurant,-7.5219468,110.5982954,yogyakarta
9789420071,node,Soto Seger Hj. Fatimah,restaurant,-7.5214893,110.5985088,yogyakarta
9789420072,node,"Nasi Goreng, Bakmi, Kwetiau Sejati",restaurant,-7.5202721,110.5973319,yogyakarta
9791541959,node,Pak Min Klaten Chicken,restaurant,-7.505563,110.2051554,yogyakarta
9791911862,node,Krebengan Fried Chickens,restaurant,-7.5046097,110.180526,yogyakarta
9792106705,node,Rocket Chicken,restaurant,-7.5410407,110.1677937,yogyakarta
9792106706,node,VIctory Cafe,cafe,-7.542206,110.1669644,yogyakarta
9792307067,node,Kopi Janji Jiwa Magelang Jilid 261,cafe,-7.506466,110.2191048,yogyakarta
9793878292,node,Shakilla Cafe,cafe,-7.5377811,110.2124772,yogyakarta
9794522911,node,Bakso Iga & Mie Ayam Kadisoka,restaurant,-7.7530185,110.4435547,yogyakarta
9794620286,node,Bakmi Jawa Bulog Restu Ibu,restaurant,-7.7809526,110.4504579,yogyakarta
9794758690,node,Warung Mie Ayam Soto Bu Pon,restaurant,-7.7515265,110.4846781,yogyakarta
9794759471,node,Sego Wader,restaurant,-7.7515275,110.4847106,yogyakarta
9794774253,node,Soto Kadipiro III Kalasan,restaurant,-7.7755684,110.4621304,yogyakarta
9794777925,node,Sate Kambing Ngebruk,restaurant,-7.7779067,110.4579019,yogyakarta
9794778114,node,Stiku,restaurant,-7.751526,110.4846493,yogyakarta
9794808369,node,Kedai Teh Kalasan,restaurant,-7.7370645,110.478476,yogyakarta
9794813914,node,Gamestory,restaurant,-7.7371064,110.4776819,yogyakarta
9796369377,node,,restaurant,-7.7718006,110.4668347,yogyakarta
9797890378,node,Rumah Makan Taman Sari,restaurant,-7.6096368,110.7017838,yogyakarta
9797899747,node,Star Steak,restaurant,-7.7554592,110.4948591,yogyakarta
9797899781,node,Sate Kambing Miroso,restaurant,-7.6512383,110.6838016,yogyakarta
9797899782,node,Rocket Chicken,restaurant,-7.5963956,110.7034842,yogyakarta
9797908853,node,Soto Segeer Mbok Giyem,restaurant,-7.6992864,110.6013175,yogyakarta
9797917569,node,Sate Tengkleng,restaurant,-7.688756,110.6250737,yogyakarta
9797918561,node,,restaurant,-7.7389288,110.5349449,yogyakarta
9797918562,node,Pizza Hut Klaten,restaurant,-7.7113797,110.5929032,yogyakarta
9797918563,node,Omjo Takoyaki & Okonomiyaki,restaurant,-7.6891231,110.6109108,yogyakarta
9797919152,node,,restaurant,-7.7425854,110.5300483,yogyakarta
9797919153,node,Hara Chicken,restaurant,-7.7242222,110.5570493,yogyakarta
9797919708,node,Rumah Makan Yu Sri,restaurant,-7.6767185,110.652514,yogyakarta
9797927632,node,Wawa,restaurant,-7.7524185,110.5173778,yogyakarta
9797927634,node,Soto Ngasem Guntur,restaurant,-7.5428315,110.7160565,yogyakarta
9797928824,node,Masakan Padang Dendeng Batokok,restaurant,-7.6059551,110.7021899,yogyakarta
9797929162,node,Bebek Goreng Bu Sri,restaurant,-7.6509319,110.6836223,yogyakarta
9797929932,node,Waroeng Mbah Mangoen,restaurant,-7.591877,110.7031251,yogyakarta
9797933274,node,Rumah Makan Ampera Minang,restaurant,-7.7446567,110.5272602,yogyakarta
9797933276,node,Steak House,restaurant,-7.7052056,110.5978064,yogyakarta
9797933277,node,Ayam Laos Srikandi,restaurant,-7.6890674,110.6129626,yogyakarta
9797933473,node,Mie Pangsit Kuah,restaurant,-7.5509153,110.7365433,yogyakarta
9797934719,node,Ayam & Bebek Goreng Kemuning,restaurant,-7.7288247,110.5479263,yogyakarta
9797934720,node,Steak House,restaurant,-7.6896325,110.6038325,yogyakarta
9797934913,node,Pawon Simbok,restaurant,-7.7281302,110.5483917,yogyakarta
9797935221,node,Warung Lamongan Indah,restaurant,-7.611833,110.7008401,yogyakarta
9798630424,node,Balae Coffee & Space,cafe,-7.5156884,110.2228248,yogyakarta
9798630430,node,Hideout Patisserie & Cafe,cafe,-7.5078697,110.2240115,yogyakarta
9800587254,node,Rocket Chicken Blabak,restaurant,-7.5509901,110.2555044,yogyakarta
9800621229,node,Warung Soto Cerak Ati,restaurant,-7.8173668,110.3189145,yogyakarta
9800785771,node,Nangkring Cafe & Eatery,cafe,-7.5468055,110.286671,yogyakarta
9800785782,node,Restoran Padang Munakita,restaurant,-7.5466186,110.2896631,yogyakarta
9801179295,node,Rocket Chicken Talun,restaurant,-7.5398366,110.3350511,yogyakarta
9801179299,node,Pizza APAYA Dukun,restaurant,-7.5431497,110.3331065,yogyakarta
9801179307,node,Resto Pedas Indah,restaurant,-7.5455561,110.3292789,yogyakarta
9801187951,node,Chicken Express Sawangan,restaurant,-7.5374865,110.3157877,yogyakarta
9801320702,node,MAMAMIA Cafe,cafe,-7.5263158,110.2659992,yogyakarta
9801890628,node,Restoran Chicken Sawitan,restaurant,-7.5965957,110.2222121,yogyakarta
9801890641,node,Happy Chicken,restaurant,-7.5904547,110.1994463,yogyakarta
9801890680,node,Coffee Chocolate & Coffee Shop,cafe,-7.5962761,110.2004842,yogyakarta
9807852194,node,Bakso Restu,restaurant,-7.7527299,110.4370197,yogyakarta
9807902658,node,Rumah Makan Rata-Rata,restaurant,-7.7630486,110.4320319,yogyakarta
9807910028,node,Heum,restaurant,-7.7603964,110.4068903,yogyakarta
9807979417,node,,cafe,-7.7789349,110.3905308,yogyakarta
9811758903,node,Grafika,restaurant,-7.760737,110.4778945,yogyakarta
9811778378,node,Soto Ayam Pak Min Klaten,restaurant,-7.8206634,110.4208191,yogyakarta
9811782172,node,Podjok Kopi Kalitirto,restaurant,-7.7791014,110.4554917,yogyakarta
9811810354,node,Ngangkruk Sop Daging,restaurant,-7.775892,110.4614151,yogyakarta
9811814583,node,Mie Ayam Bakso Soto Campur Raden Kang,restaurant,-7.7652355,110.4733234,yogyakarta
9811815021,node,Siomay Kang Wahyu,restaurant,-7.7598164,110.4781999,yogyakarta
9811815022,node,Kopi & Resto Rindu Alam Bambu,restaurant,-7.7626013,110.4760287,yogyakarta
9811825264,node,Bakso Gajah Mungkur,restaurant,-7.8230117,110.4254869,yogyakarta
9811833480,node,Sate Kambing Mudo,restaurant,-7.8237345,110.4277367,yogyakarta
9811835171,node,Ikan Bakar Sumilir,restaurant,-7.807886,110.4435657,yogyakarta
9811836029,node,Ayam Goreng Bu Ranti,restaurant,-7.8231413,110.4255801,yogyakarta
9811837487,node,Sate Kambing Muda Restu Ibu,restaurant,-7.7920977,110.4460195,yogyakarta
9811837488,node,BeNaDa,restaurant,-7.8163902,110.4426633,yogyakarta
9811840484,node,Joglo Khasanah,restaurant,-7.8197843,110.4190276,yogyakarta
9811843463,node,Bakso Urat Sapi Ambarrukmo,restaurant,-7.8047481,110.4443249,yogyakarta
9811849021,node,Chicken Crush,restaurant,-7.8760519,110.3355382,yogyakarta
9811850750,node,Warung Mie Ayam & Bakso Pak Paijo,restaurant,-7.8200111,110.4155094,yogyakarta
9811851213,node,Sate Kambing Pak Gandung,restaurant,-7.8275903,110.4133173,yogyakarta
9811858602,node,Soto Pagi Palibapang,restaurant,-7.9054148,110.3207094,yogyakarta
9811868477,node,Rumah Makan Padang Murah,restaurant,-7.8512518,110.3426746,yogyakarta
9811868478,node,Soto Daging Sapi Pak Man,restaurant,-7.8669325,110.3384774,yogyakarta
9811870015,node,Waroeng Steak & Shake,restaurant,-7.8283086,110.3542059,yogyakarta
9811875148,node,Gudeg Bu Tiwik,restaurant,-7.8341372,110.3878483,yogyakarta
9819931070,node,,restaurant,-7.7825694,110.4447592,yogyakarta
9824789495,node,Bakso Urat Gajah,restaurant,-7.7243409,110.5556209,yogyakarta
9824789496,node,Warung Makan Pak Haji Muh,restaurant,-7.7183082,110.576531,yogyakarta
9824808966,node,Soto Ayam Pak Min Klaten,restaurant,-7.7298219,110.5465049,yogyakarta
9824815059,node,Soto Seger Boyolali,restaurant,-7.7180256,110.5789631,yogyakarta
9824838280,node,Warung Nisza,restaurant,-7.755767,110.4804833,yogyakarta
9824944211,node,CoCoRuyuk,restaurant,-7.7075815,110.5966221,yogyakarta
9824944212,node,BMX Kitchen,restaurant,-7.6895777,110.6043893,yogyakarta
9824944526,node,Markotang,restaurant,-7.6890356,110.6126736,yogyakarta
9824969161,node,Soto Ayam,restaurant,-7.6969924,110.6004284,yogyakarta
9824969162,node,Soto Ayam Pak Min Klaten,restaurant,-7.6890708,110.6116825,yogyakarta
9824969602,node,Soto Seger Hj. Wiwik,restaurant,-7.6262648,110.6960731,yogyakarta
9824971792,node,Bakmi Jawa,restaurant,-7.6869349,110.6351633,yogyakarta
9824972279,node,Lamongan,restaurant,-7.6796878,110.6495103,yogyakarta
9824973106,node,Pandawa,restaurant,-7.6896286,110.6035104,yogyakarta
9824974335,node,Il-Hosting Hot Plate,restaurant,-7.6907216,110.6024586,yogyakarta
9824974337,node,Warung Makan Mas Gembong,restaurant,-7.5942002,110.7027017,yogyakarta
9824978029,node,Dzulfira Sea Food,restaurant,-7.6892276,110.6101273,yogyakarta
9824983408,node,Warung Makan Bu Marsih,restaurant,-7.659452,110.6749484,yogyakarta
9824983409,node,Bakso Tengkleng Mas Bambang,restaurant,-7.6158529,110.7006837,yogyakarta
9824983422,node,Warunk Lonbok,restaurant,-7.6130599,110.7011615,yogyakarta
9824985139,node,Janji Jiwa,cafe,-7.7090989,110.5950794,yogyakarta
9824985570,node,Bakmie Jawa,restaurant,-7.695709,110.6003637,yogyakarta
9824988253,node,Pempek Legenda,restaurant,-7.7043542,110.5983949,yogyakarta
9824989175,node,Sop Ayam P. Widodo,restaurant,-7.6891793,110.6105239,yogyakarta
9824990448,node,Banyoe Oerip,restaurant,-7.6944342,110.6001499,yogyakarta
9824990539,node,O'Lala Cafe,cafe,-7.6895978,110.609256,yogyakarta
9824990541,node,Star Steak,restaurant,-7.6857742,110.6392343,yogyakarta
9824992818,node,Ayam Goreng & Bebek Goreng,restaurant,-7.6882795,110.6282759,yogyakarta
9825027105,node,Soto Gado-Gado Mbak Ning,restaurant,-7.5930405,110.7024335,yogyakarta
9825096411,node,Mie Gacoan,restaurant,-7.5660726,110.773491,yogyakarta
9825103606,node,Bakso Mie Ayam Wong Wonogiri,restaurant,-7.5658626,110.7698906,yogyakarta
9825138851,node,Domino's Pizza,restaurant,-7.5679927,110.7841594,yogyakarta
9825153953,node,Bakmie Jowo Mbah Blangkon,restaurant,-7.5655544,110.7683573,yogyakarta
9825156138,node,Steak Moen-Moen,restaurant,-7.5620455,110.7572876,yogyakarta
9825156139,node,Batik Soga,restaurant,-7.5705109,110.7996293,yogyakarta
9825160457,node,Rumah Makan Embun Pagi,restaurant,-7.5676899,110.7822802,yogyakarta
9825162983,node,Sumber Bestik Pak Darno,restaurant,-7.5666405,110.7774614,yogyakarta
9830632470,node,Sop Ayam Pak Mim Klaten,restaurant,-7.7553834,110.4963525,yogyakarta
9832326646,node,Selawase Resto & Wedangan,restaurant,-7.7880633,110.3628181,yogyakarta
9832343685,node,Sate Kambing Muda Bogem,restaurant,-7.757079,110.4818088,yogyakarta
9833787710,node,Bakmi Kadin 2,restaurant,-7.8025,110.3727784,yogyakarta
9835685416,node,,restaurant,-7.7823155,110.5061443,yogyakarta
9841497486,node,Cafe Loteng,restaurant,-7.7829404,110.3964904,yogyakarta
9843829171,node,Salero Roso,restaurant,-7.7361767,110.4816906,yogyakarta
9846101278,node,Dalem Linggaran Prambanan,restaurant,-7.7357053,110.493314,yogyakarta
9846101670,node,Rumah Makan Padang Asli,restaurant,-7.7362088,110.4945323,yogyakarta
9850098571,node,Angkringan,restaurant,-7.7889396,110.3742931,yogyakarta
9850098572,node,Pecel Lele Mbak Nanda,restaurant,-7.7889422,110.3742564,yogyakarta
9854594672,node,Warung Soto Kadipiro,restaurant,-7.8006662,110.3462144,yogyakarta
9854648117,node,Gudeg Yu Djum,restaurant,-7.7708988,110.3682465,yogyakarta
9855208895,node,Warmindo Gejoss 99,restaurant,-7.7797234,110.4060165,yogyakarta
9857829937,node,Lavana,restaurant,-7.6006615,110.4267906,yogyakarta
9857832432,node,Warung Rendang Nusantara,restaurant,-7.7097311,110.4688912,yogyakarta
9858467812,node,Bakmi Jowo Mbah Blangkon,restaurant,-7.7527311,110.4483294,yogyakarta
9859588066,node,Sate Klathak & Tengkleng Pak Jay,restaurant,-7.7494744,110.3989888,yogyakarta
9862141289,node,The Obonk Steak & Ribs,restaurant,-7.7613767,110.3939335,yogyakarta
9867154018,node,Warung Toscana,restaurant,-7.8191365,110.371142,yogyakarta
9872354945,node,Seblak Azco 2,restaurant,-7.7472281,110.4812701,yogyakarta
9873483628,node,Soto Seger Asli Boyolali,restaurant,-7.7437,110.5287618,yogyakarta
9874017604,node,Kedai Mak Bul,restaurant,-7.6872533,110.6359396,yogyakarta
9894620690,node,Warung Jadah Tempe Mbah Carik,restaurant,-7.6806947,110.4188795,yogyakarta
9899372074,node,Soto Cokro Kembang,restaurant,-7.7117075,110.4378502,yogyakarta
9899384570,node,SABIN,restaurant,-7.7061037,110.436018,yogyakarta
9899385865,node,Sate 3 Dimensi,restaurant,-7.7154924,110.4380449,yogyakarta
9899705498,node,Bakso Pak Yanto,restaurant,-7.7514087,110.4379274,yogyakarta
9899952697,node,,restaurant,-7.6473183,110.428484,yogyakarta
9901240025,node,Family Bakso,restaurant,-7.7051276,110.4392685,yogyakarta
9901459780,node,Amerta Kitchen,restaurant,-7.7182549,110.4380183,yogyakarta
9905382362,node,Dil Rani Restaurant,restaurant,-7.7780754,110.3888807,yogyakarta
9906082860,node,Warmindo Empat Putri,restaurant,-7.7491798,110.4810555,yogyakarta
9907156504,node,Soto Tebing Banyunibo,restaurant,-7.781599,110.4910598,yogyakarta
9907167227,node,Omah Kopi Tebing Banyunibo,restaurant,-7.7817576,110.4910752,yogyakarta
9914318409,node,Mie Ayam Bakso Bima,restaurant,-7.8046532,110.4024199,yogyakarta
9916936467,node,Dapur Rengkol,restaurant,-7.7502656,110.4589348,yogyakarta
9920969395,node,Bakso Mie Ayam Aneka Wonogiri,restaurant,-7.7333918,110.4720872,yogyakarta
9935538117,node,Agoge Cafe,cafe,-7.7376042,110.3791681,yogyakarta
9941760146,node,Nasi Pecel Pincuk & Rawon Madiun Jeng Rina,restaurant,-7.751577,110.44846,yogyakarta
9950528593,node,Omah Dhahar Watu Genthong,restaurant,-7.7930087,110.4585588,yogyakarta
9952254174,node,Liwet Asem Stroberi,restaurant,-7.6813078,110.4182616,yogyakarta
9952569914,node,Bakmi Kampoeng Jawa Tajem,restaurant,-7.7368024,110.4342148,yogyakarta
9965563026,node,Mie Gacoan,restaurant,-7.7794868,110.4149618,yogyakarta
9965576406,node,The Gardens,restaurant,-7.7731952,110.4086934,yogyakarta
9969080601,node,Waroeng Steak & Shake - Demangan,restaurant,-7.7795263,110.3891165,yogyakarta
9980287986,node,Tongseng Dan Daging Gongso Bu Amirah,restaurant,-7.8279081,110.3674751,yogyakarta
9991661598,node,Sushi Tei,restaurant,-7.7789094,110.3886414,yogyakarta
9991661600,node,Nasi Kapau Uda Jack,restaurant,-7.7793483,110.3885344,yogyakarta
9992131707,node,Omah Lawas,restaurant,-7.7718423,110.4578339,yogyakarta
9997212956,node,Mie Ayam & Bakso Tunggal Roso,restaurant,-7.746796,110.4618864,yogyakarta
9999574924,node,Ayam Goreng Bu Hartin,restaurant,-7.8913023,110.1241812,yogyakarta
10020007934,node,Kandang Ogut,cafe,-7.9700408,110.5831057,yogyakarta
10033029128,node,Mr. Blangkon Garden Resto,restaurant,-7.6802853,110.4180985,yogyakarta
10048454846,node,Mie Ayam Pak Tni,restaurant,-7.7047549,110.4325239,yogyakarta
10062646639,node,SOTOkoe,restaurant,-7.5323767,110.7612283,yogyakarta
10065619415,node,Ceplok Telor,restaurant,-7.7810564,110.414255,yogyakarta
10066547578,node,Mie Ayam & Bakso NGEJOOO,restaurant,-7.7271835,110.4848542,yogyakarta
10068073293,node,Floating Resto,restaurant,-7.7197145,110.3570984,yogyakarta
10079779241,node,Kopi Klothok Paris,restaurant,-7.9374369,110.3597352,yogyakarta
10086198842,node,Nikkou Ramen,restaurant,-7.7725222,110.3681855,yogyakarta
10086971206,node,Lotus Mio Bangunjiwo,restaurant,-7.8431978,110.3050464,yogyakarta
10094824229,node,Bakso Urat Kampung Emas,restaurant,-7.8670389,110.5436345,yogyakarta
10113315221,node,Soto Seger Warung Pojok,restaurant,-7.6603426,110.5799989,yogyakarta
10113315222,node,Warung Soto Gobyos,restaurant,-7.6546645,110.5853472,yogyakarta
10116370507,node,Bandung Fried Chicken 234,restaurant,-7.7854465,110.3853432,yogyakarta
10120297907,node,Spesial Bakso Jumbo & Mie Ayam Idaman,restaurant,-7.7362117,110.4849278,yogyakarta
10129828765,node,Depot Es Kelapa Muda Mbak Endang,cafe,-7.7637332,110.474183,yogyakarta
10134743415,node,,restaurant,-7.7741893,110.4547445,yogyakarta
10134776723,node,Lotek & Gado-Gado Mbak Via,restaurant,-7.7978184,110.324818,yogyakarta
10136686995,node,Resto Jogjo Asri,restaurant,-7.7355448,110.393997,yogyakarta
10136746199,node,,restaurant,-7.7357284,110.3943256,yogyakarta
10137552677,node,Lesehan Sederhana Mas Yoyok,restaurant,-7.7358898,110.4851251,yogyakarta
10154499459,node,Ayam Geprek Pak Wage 2,restaurant,-7.7663145,110.3816317,yogyakarta
10180034446,node,Grosir dan Ecer Kelapa Muda Wely,restaurant,-7.7402635,110.4814136,yogyakarta
10180094116,node,Kopi Randu,restaurant,-7.8536958,110.3142778,yogyakarta
10180149779,node,Gubuk Dhahar Nayla,restaurant,-7.653146,110.4345376,yogyakarta
10180631803,node,Toko Kelontong,restaurant,-7.6409055,110.3646017,yogyakarta
10180825482,node,Warung Soto,restaurant,-7.7387642,110.355001,yogyakarta
10181878164,node,Kopi Pirak,cafe,-7.7739899,110.2848792,yogyakarta
10193309171,node,Warung Bakmi Pak Kentung,restaurant,-7.9044614,110.3328121,yogyakarta
10195163856,node,"Warung Soto Bu ""Dhe""",restaurant,-7.9046998,110.3314025,yogyakarta
10196249969,node,Joglo President,restaurant,-7.7427333,110.4811963,yogyakarta
10198331855,node,Rumah Makan BMW,restaurant,-7.7194986,110.5779713,yogyakarta
10198647882,node,Rumah Indah,cafe,-7.8288029,110.73189,yogyakarta
10201051456,node,Balilegi,restaurant,-7.6458134,110.4345029,yogyakarta
10201054682,node,Angkringan Sejahtera,restaurant,-7.6609294,110.4333997,yogyakarta
10201068906,node,Gress,restaurant,-7.659278,110.4316268,yogyakarta
10201073430,node,Warung Eyup,restaurant,-7.6439358,110.4340706,yogyakarta
10206659366,node,ksc café,cafe,-7.6269003,110.4461824,yogyakarta
10209365517,node,Brongkos Warung Ijo,restaurant,-7.6520903,110.3252103,yogyakarta
10219211356,node,Wader Lombok Ijo,restaurant,-7.6637829,110.433631,yogyakarta
10224837335,node,Bakso & Soto Sapi Sami Soko,restaurant,-7.7721469,110.4669538,yogyakarta
10230152112,node,Pecel Gendar,restaurant,-7.7747659,110.4557445,yogyakarta
10230753486,node,,restaurant,-7.5470805,110.2408369,yogyakarta
10230753487,node,Warung Makan Ikan Segar Pak Parno - Blondo IWAK KALI,restaurant,-7.5467288,110.2408257,yogyakarta
10230753488,node,,restaurant,-7.5470811,110.2408526,yogyakarta
10232351541,node,Bakso Pos Wonogiri,restaurant,-7.7423961,110.4813291,yogyakarta
10259607409,node,Kafe GTA,cafe,-7.7085907,110.3735237,yogyakarta
10261890332,node,Bakso & Mie Ayam Pak Togok,restaurant,-7.779173,110.3839326,yogyakarta
10261952749,node,Secluded,restaurant,-7.7400674,110.3675813,yogyakarta
10266812927,node,RM Bale Wukir,restaurant,-7.6587822,110.4426887,yogyakarta
10266841097,node,Angkringan Wek-ji,restaurant,-7.6258884,110.4349897,yogyakarta
10266878266,node,Resto & Pos Jeep RBM,restaurant,-7.6286813,110.4336758,yogyakarta
10266930675,node,Resto Omah Lawas,restaurant,-7.6642023,110.43448,yogyakarta
10269026459,node,Mie Ayam Bakso Pak Eko Wonogiri,restaurant,-7.6608062,110.4341118,yogyakarta
10269105669,node,WPR Fried Chicken,restaurant,-7.6643802,110.4599614,yogyakarta
10272443952,node,Warung Manten Anyar,restaurant,-7.7705154,110.4319972,yogyakarta
10275519494,node,Warung Steak Cemil,restaurant,-7.7776906,110.3837488,yogyakarta
10296494762,node,Sate Kambing Pak Juki,restaurant,-7.6614649,110.4324956,yogyakarta
10296514164,node,Angkringan & Bakmi Jawa Pujiroso,restaurant,-7.6891791,110.4618869,yogyakarta
10300254063,node,Mixue,cafe,-7.7831038,110.3807816,yogyakarta
10302309215,node,Zona Seafood,restaurant,-7.7895536,110.3701822,yogyakarta
10309916632,node,Fore Coffee,cafe,-7.7602115,110.3810942,yogyakarta
10310581409,node,Joeragan Bakso,restaurant,-7.9289172,110.3268955,yogyakarta
10310589581,node,Pawon Mbah Poer,restaurant,-7.9309457,110.3166562,yogyakarta
10310689025,node,Omah Tiwan,restaurant,-7.930859,110.3167395,yogyakarta
10316215606,node,Isvara,cafe,-7.801965,110.3799505,yogyakarta
10316227334,node,Pizza Hut,restaurant,-7.8019188,110.3796927,yogyakarta
10559528346,node,Dunia Kita Coffee & Eatery,restaurant,-7.7707446,110.4098286,yogyakarta
10578415452,node,Kedai Suru Pitoe,restaurant,-7.8182688,110.4650045,yogyakarta
10578642508,node,Kedai Karang Kedempel,restaurant,-7.8117073,110.4654679,yogyakarta
10588131835,node,Warung Lokal,restaurant,-7.7336237,110.399286,yogyakarta
10603443058,node,Anak Panah Kopi,cafe,-7.7872561,110.3530087,yogyakarta
10607214698,node,Pulen & Kopi Ponti,restaurant,-7.7716966,110.4454896,yogyakarta
10609419824,node,RIZ BAKERY & CAFE,cafe,-7.6603553,110.1570444,yogyakarta
10609419837,node,PAWON WIDOSARI,cafe,-7.6567428,110.1475931,yogyakarta
10614935363,node,Bakso & Mie Ayam Pak Bardi,restaurant,-7.7393373,110.451963,yogyakarta
10614935364,node,Bakso & Mie Ayam Mas Punung,restaurant,-7.7393769,110.4523924,yogyakarta
10620765359,node,Ruang Jaka Coffee & Free Wifi,cafe,-7.8078152,110.3588767,yogyakarta
10648390760,node,Mixue,cafe,-7.7555922,110.4336288,yogyakarta
10648458109,node,Cold'n Brew,cafe,-7.8233848,110.3678751,yogyakarta
10651660277,node,Raminten 3,restaurant,-7.7991485,110.3647975,yogyakarta
10651735562,node,H.Slamet,restaurant,-7.7963087,110.3566625,yogyakarta
10657060590,node,Rumah Makan Cahaya Bundo,restaurant,-7.7563785,110.4335315,yogyakarta
10658057606,node,Pempek Ny. Kamto,restaurant,-7.7974397,110.3647166,yogyakarta
10658075405,node,Pempek Ny. Kamto,restaurant,-7.7973969,110.3646307,yogyakarta
10660958205,node,Warung Nguri Uri,restaurant,-7.7917681,110.3652336,yogyakarta
10675646037,node,Rumah Makan Padang Asli,restaurant,-7.7347832,110.4739797,yogyakarta
10680642541,node,Bakmi Balangan,restaurant,-7.6610115,110.4323102,yogyakarta
10687593283,node,,restaurant,-8.1212368,110.514716,yogyakarta
10687593284,node,,restaurant,-8.1210984,110.5146306,yogyakarta
10687593286,node,,restaurant,-8.1203425,110.5144505,yogyakarta
10687593287,node,,restaurant,-8.1207474,110.5142662,yogyakarta
10687593294,node,,restaurant,-8.1206864,110.5145175,yogyakarta
10687593300,node,,restaurant,-8.1208128,110.5145157,yogyakarta
10697687786,node,Gudeg Mbah Kayah,restaurant,-7.7850049,110.3115994,yogyakarta
10727215865,node,Sari Eco,restaurant,-7.6493131,110.4405619,yogyakarta
10744481850,node,Warmindo Marning 5758,restaurant,-7.7543702,110.4959195,yogyakarta
10760854079,node,,restaurant,-7.7707437,110.4323025,yogyakarta
10760870473,node,Kedai Lang-Lang,restaurant,-7.6614247,110.4327964,yogyakarta
10770127716,node,,cafe,-7.8985472,110.0596921,yogyakarta
10772989109,node,Inibaru Rajanya Steak Mojosongo,restaurant,-7.538348,110.6241131,yogyakarta
10775632481,node,Mutiara Minang,restaurant,-7.9321441,110.2651208,yogyakarta
10777519258,node,Kawan Lamo,restaurant,-7.7603068,110.4328959,yogyakarta
10803707137,node,Kelapa Muda 354,cafe,-7.7644372,110.473572,yogyakarta
10824388113,node,Pendopo Malioboro,cafe,-7.8028125,110.3657753,yogyakarta
10824390798,node,Tengkleng Bhenjoyo,restaurant,-7.8028052,110.3656117,yogyakarta
10831714353,node,Kedai Teh LORĒ,cafe,-7.7276808,110.4267562,yogyakarta
10839587269,node,Namyra Warmindo Cafe,restaurant,-7.7463308,110.4345757,yogyakarta
10855399169,node,nDalem Maem Anneliese,restaurant,-7.7496414,110.480973,yogyakarta
10864671597,node,Warmindo Nopik,restaurant,-7.7578596,110.4397036,yogyakarta
10866663826,node,Go!Steak,restaurant,-7.757214,110.4336513,yogyakarta
10867058995,node,Kedai Steak,restaurant,-7.7269879,110.5021068,yogyakarta
10869723935,node,Satu Lokasi,cafe,-7.7852529,110.3760799,yogyakarta
10873287221,node,Lubuk Hatimu,restaurant,-7.6954129,110.4941105,yogyakarta
10899324853,node,Hot Ayam Penyet,restaurant,-7.7044848,110.4971687,yogyakarta
10899493084,node,Kedai Bismillah,restaurant,-7.712498,110.4851083,yogyakarta
10931051190,node,Warmindo Matador,restaurant,-7.776058,110.4577111,yogyakarta
10931515953,node,Dapoer Eling,restaurant,-7.745152,110.4336118,yogyakarta
10936212042,node,Sate Ayam Madura,restaurant,-7.6829197,110.4376129,yogyakarta
10945618132,node,De' Ngalas,cafe,-7.6286032,110.369739,yogyakarta
10945720921,node,Bakso Benhil,restaurant,-7.6674639,110.4313844,yogyakarta
10963178060,node,Mixue,cafe,-7.7819103,110.4506324,yogyakarta
10972431022,node,Warmindo Sekawan,restaurant,-7.7746542,110.4546654,yogyakarta
10972450717,node,Soto Sapi Pak Ngadiran,restaurant,-7.7632427,110.3868662,yogyakarta
10977124705,node,ayam goreng bu tini,restaurant,-7.8013633,110.3736936,yogyakarta
10977148005,node,sate padang naj sharil,restaurant,-7.8017191,110.3748664,yogyakarta
10988274486,node,Soto Ijo Monjali,restaurant,-7.7864755,110.3629017,yogyakarta
10991304907,node,Soto17,restaurant,-7.7122291,110.3578657,yogyakarta
10991475063,node,Bobob Chicken Rice Box,restaurant,-7.7598288,110.4107364,yogyakarta
10993753082,node,Soto Betawi Pak Bagus,restaurant,-7.7362409,110.4784308,yogyakarta
10997234146,node,Karta,restaurant,-7.7935918,110.3659244,yogyakarta
11010186927,node,Geblek Menoreh View,restaurant,-7.7495962,110.2060595,yogyakarta
11016133255,node,Rumah Makan dan Seafood 99 Tuman,restaurant,-7.7256774,110.5021757,yogyakarta
11022897731,node,Nasi Goreng Sedap Malam,restaurant,-7.7510632,110.4491764,yogyakarta
11034114391,node,Kafe Le Solé,cafe,-7.780871,110.3775615,yogyakarta
11047637958,node,5758 Mie Ayam Ceker,restaurant,-7.7804403,110.3786863,yogyakarta
11048033106,node,Kampoeng Mataraman,restaurant,-7.8359289,110.3620125,yogyakarta
11054044705,node,akkar Juice Bar,cafe,-7.811278,110.376791,yogyakarta
11061460605,node,Dropshot Espresso Bar,cafe,-7.8193423,110.3730208,yogyakarta
11061571005,node,Zabunch,restaurant,-7.8193413,110.3728174,yogyakarta
11064518681,node,Altilis Coffee,cafe,-7.7273582,110.3646145,yogyakarta
11074490762,node,Soto & Angkringan Pawon Mbak Tutik,restaurant,-7.6652815,110.433049,yogyakarta
11076658146,node,Bale Dahar Sumringah,restaurant,-7.615279,110.2191923,yogyakarta
11076851113,node,Mie Ayam & Bakso Pak Min,restaurant,-7.6068761,110.2290586,yogyakarta
11093253687,node,Cimoll Resto,restaurant,-7.7356692,110.3992044,yogyakarta
11097142921,node,Lazorta Durian,restaurant,-7.7606996,110.362104,yogyakarta
11150179717,node,Pempek & Siomay Ulu Banjar,restaurant,-7.7833808,110.4016217,yogyakarta
11155369083,node,Warmindo Kampus,restaurant,-7.7755709,110.4493991,yogyakarta
11155453215,node,Bubur Hayam Kotabaru,restaurant,-7.7597504,110.4227284,yogyakarta
11159018739,node,Kebuli Musthofa,restaurant,-7.697856,110.6009626,yogyakarta
11166883910,node,Sea Food 99 Mbah Djo,restaurant,-7.7348254,110.4740281,yogyakarta
11171026945,node,Wastu Kopi,cafe,-7.7722677,110.3889307,yogyakarta
11195448202,node,Warung Makan Ika,restaurant,-7.7579156,110.3983322,yogyakarta
11195655967,node,Kobessah,restaurant,-7.7577181,110.3968226,yogyakarta
11202254937,node,Kobessah Kopi 2,cafe,-7.7281395,110.4036185,yogyakarta
11202318837,node,Mbahmoe Cafe,cafe,-7.7737887,110.4046132,yogyakarta
11203856128,node,Angkringan Lempungwangi,cafe,-7.7958976,110.372744,yogyakarta
11207963337,node,Soto Ayam Pak Wid Pugeran,restaurant,-7.7659019,110.4214677,yogyakarta
11209910437,node,"Warung Geprek ""Laisya""",restaurant,-7.7653885,110.4215395,yogyakarta
11210435437,node,UD Mitra,cafe,-7.7625586,110.4119097,yogyakarta
11215128537,node,Warung Soto & Penyetan Bu Dewi,restaurant,-7.7644443,110.4206334,yogyakarta
11215128637,node,Warung Makan Mbah Sayini,restaurant,-7.7647964,110.4204935,yogyakarta
11215128737,node,Warmindo Cafe Doa Ibu,restaurant,-7.7666942,110.4196243,yogyakarta
11225132822,node,Warung Makan Lesehan Bu Bono,restaurant,-7.7528765,110.2069735,yogyakarta
11228498822,node,Geblek Pari,restaurant,-7.7458118,110.2058542,yogyakarta
11228544484,node,Mahaloka Paradise,restaurant,-7.7473426,110.2060139,yogyakarta
11228814666,node,Bakso & Mie Ayam Pak Bagong,restaurant,-7.7525904,110.2280582,yogyakarta
11233742084,node,Kopi Tiam Kapuas Hulu,cafe,-7.7549837,110.3955794,yogyakarta
11245003748,node,Ruang Tumbuh,cafe,-7.7751865,110.4546218,yogyakarta
11245420374,node,Kedai Kuliner Kembang Langit,restaurant,-7.7519855,110.2045843,yogyakarta
11255291438,node,"Angkringan Pak Yudi, Pak Nur",cafe,-7.777762,110.4092481,yogyakarta
11269108569,node,Warkop Hippies,cafe,-7.7740245,110.3983236,yogyakarta
11302214993,node,Warmindo Barokah 37,restaurant,-7.7515229,110.4531555,yogyakarta
11307291669,node,WK. Ahau,cafe,-7.7764402,110.4101322,yogyakarta
11323123168,node,Easy Groovy,restaurant,-7.8193036,110.3724886,yogyakarta
11327486323,node,Teh Tarik Space,cafe,-7.761014,110.359009,yogyakarta
11340804603,node,Kedai Zerosix,restaurant,-7.7535664,110.4807103,yogyakarta
11340816050,node,Kedai Makan Bu Eka,restaurant,-7.753557,110.4802564,yogyakarta
11341299969,node,Mie Ayam Palembang Afui,restaurant,-7.7800091,110.4164129,yogyakarta
11342740669,node,"Mie Ayam ""Pak Mu'in""",restaurant,-7.7707386,110.4237763,yogyakarta
11342743369,node,Greeya Coffee,cafe,-7.7697059,110.4240834,yogyakarta
11361895070,node,Rumah Makan Padang Murah,restaurant,-7.7741349,110.4129782,yogyakarta
11370563388,node,Omah Mapan Coworking Space & Cafe,cafe,-7.8068599,110.3900862,yogyakarta
11383565855,node,Rumah Makan Padang Pandega,restaurant,-7.7439621,110.3490509,yogyakarta
11385756369,node,Pedas api,restaurant,-7.8145177,110.3678489,yogyakarta
11387828070,node,SS special sambal. Pedas Aibis,restaurant,-7.77956,110.4087384,yogyakarta
11403143691,node,Bakmi Pur,restaurant,-7.7484163,110.363881,yogyakarta
11403202914,node,Hooflah,restaurant,-7.7483117,110.3639226,yogyakarta
11413636371,node,Soto Lamongan Cak Edy,restaurant,-7.7647319,110.4473182,yogyakarta
11413914327,node,Warmindo Cafengan,restaurant,-7.7345023,110.4750836,yogyakarta
11414284076,node,Kopi Stasiun Kalasan,cafe,-7.7740216,110.4655991,yogyakarta
11416411347,node,Bakso & Durian Goda,restaurant,-7.8219374,110.3473846,yogyakarta
11424776115,node,Geprek Bang Vijay,restaurant,-7.7806951,110.3702326,yogyakarta
11449264628,node,Gahwa Coffee Jogja,cafe,-7.7361063,110.427015,yogyakarta
11451288965,node,Stairs,restaurant,-7.8191368,110.3697009,yogyakarta
11461710786,node,Warmindo Geulis,restaurant,-7.7371536,110.4208228,yogyakarta
11472558840,node,Burjo Borneo,restaurant,-7.7599171,110.4228382,yogyakarta
11482624823,node,Burjo Borneo,restaurant,-7.7750801,110.417267,yogyakarta
11494776908,node,Nasi Goreng Sedap Malam Khas Tegal,restaurant,-7.7810265,110.3922977,yogyakarta
11496010974,node,Bedjo Mie Ayam Bakso Batas Kota,restaurant,-7.782962,110.3906683,yogyakarta
11496010975,node,House of Moragi ( Moragi Mentai ),restaurant,-7.7810748,110.392297,yogyakarta
11496076893,node,Rocket Chicken Niten Kasongan,restaurant,-7.8487276,110.343601,yogyakarta
11496567284,node,Teh Kota Borobudur,cafe,-7.6040923,110.2108406,yogyakarta
11499461189,node,Burjo Borneo,restaurant,-7.789082,110.3933976,yogyakarta
11510251602,node,Ayam Bakar Artomoro,restaurant,-7.7229832,110.5977009,yogyakarta
11513798801,node,Rumah Makan Lukito,restaurant,-7.7514272,110.4281183,yogyakarta
11527843710,node,Burjo Borneo,restaurant,-7.6916913,110.4092275,yogyakarta
11527936002,node,Renea Coffee & Eatery,restaurant,-7.6900554,110.4156479,yogyakarta
11539921957,node,Om Bob Susu & Roti Bakar,restaurant,-7.7488547,110.4342739,yogyakarta
11539931914,node,Pepper Skul,restaurant,-7.7488588,110.4342096,yogyakarta
11541865783,node,Kopi Kampung Ambarrukmo,cafe,-7.7876079,110.4038625,yogyakarta
11546563533,node,Kantin BBPPMPV Seni Budaya,restaurant,-7.6993016,110.4273371,yogyakarta
11549935423,node,RM Kaki Gunung,restaurant,-7.6493562,110.4236465,yogyakarta
11554865587,node,Chatime,cafe,-7.7970891,110.3651447,yogyakarta
11554875567,node,La Li Sa Farmer's Village,restaurant,-7.8202952,110.2412568,yogyakarta
11554886401,node,Kopi Gamol,restaurant,-7.8067446,110.2943065,yogyakarta
11554890111,node,Nasi Gandul Bu RT,restaurant,-7.7516991,110.3727087,yogyakarta
11554891376,node,Mixue,cafe,-7.7859966,110.3524526,yogyakarta
11571959954,node,"Rumah Makan ""Kondang Jaya""",restaurant,-7.7962566,110.365046,yogyakarta
11575977403,node,Burjo Borneo,restaurant,-7.7665143,110.4024415,yogyakarta
11581714612,node,Waroeng Sawah,restaurant,-7.7684791,110.4596936,yogyakarta
11586499597,node,Burjo Borneo,restaurant,-7.7757556,110.3921363,yogyakarta
11655481089,node,"Doyan Ayam Sewon, Yogyakarta",restaurant,-7.8413886,110.3567412,yogyakarta
11684684569,node,Tjemara Noodle Bar,restaurant,-7.8199821,110.3707153,yogyakarta
11736739494,node,Burjo Loro,restaurant,-7.7740418,110.4640874,yogyakarta
11781112640,node,Kopi Breksi,cafe,-7.7816176,110.5059432,yogyakarta
11807118822,node,Bakmi & Bajigur Kadin,restaurant,-7.6768974,110.4175525,yogyakarta
11822339754,node,Joffi Ramen,restaurant,-7.8200049,110.3709022,yogyakarta
11824674203,node,Jawa Timur Resto,restaurant,-7.8189366,110.3681857,yogyakarta
11830254727,node,Atomic,cafe,-7.8185143,110.3658149,yogyakarta
11873201553,node,Dapur Sambal,restaurant,-7.8031499,110.3663213,yogyakarta
11895270371,node,Angkringan Mbak Sum,cafe,-7.6930097,110.0323958,yogyakarta
11896716909,node,Roka Ramen,restaurant,-7.8173421,110.3811809,yogyakarta
11896724367,node,Omah Lawas Bu Tri,restaurant,-7.7377556,110.4821646,yogyakarta
11905900107,node,Pecel Lele Cak Parto,restaurant,-7.72482,110.0236449,yogyakarta
11926125171,node,Pawon Mbah Gito,restaurant,-7.7089077,110.4151541,yogyakarta
11934528407,node,FAVOR Patisserie Pizzeria & Eatery,restaurant,-7.7783039,110.3734969,yogyakarta
11934683658,node,Mbah Marsoem,restaurant,-7.7204438,110.0386037,yogyakarta
11950115831,node,Bakmi Jowo Mas Joyo,restaurant,-7.7501294,110.4226199,yogyakarta
11951646404,node,Kopi Galundeng,restaurant,-7.6397045,110.4400504,yogyakarta
11963129486,node,Bakso Tetelan Ambasador,restaurant,-7.7829935,110.3835275,yogyakarta
11963165196,node,Indomie Bangladesh Bang Dwi,restaurant,-7.7831358,110.3833811,yogyakarta
11977667526,node,Mie Ayam Mas Huda,restaurant,-7.981143,110.2236737,yogyakarta
11977983836,node,Kakung Sableng,restaurant,-7.7158462,110.5910417,yogyakarta
12022137215,node,Bangun Djaya Coffee,cafe,-7.7600667,110.4471156,yogyakarta
12022137216,node,Griya Dhahar Sambiroso,restaurant,-7.7616507,110.4467506,yogyakarta
12022137217,node,Umpomo Cafe,cafe,-7.7604252,110.4470843,yogyakarta
12022137218,node,Angop Coffee,cafe,-7.7610385,110.4468264,yogyakarta
12022681469,node,House of Chocolate Monggo & Gelato Tirtodipuran,cafe,-7.8184588,110.3635121,yogyakarta
12022823569,node,Black Forest Cafe,restaurant,-7.8194094,110.3682402,yogyakarta
12025194169,node,"Kedai Kebun Arts, Plants & Kitchen",restaurant,-7.8181593,110.3628179,yogyakarta
12036072473,node,Warteg Kharisma Bahari,restaurant,-7.7611544,110.432958,yogyakarta
12053010576,node,Kedai Makan Slenget Merapi,restaurant,-7.6494891,110.4442102,yogyakarta
12053050758,node,Angkringan Fans4 Barokah,restaurant,-7.6515149,110.4440052,yogyakarta
12062415968,node,Warung Soto Mbah Darmi,restaurant,-7.790646,110.4578251,yogyakarta
12064722265,node,The Pok Pow,cafe,-7.7785417,110.384232,yogyakarta
12064805343,node,Angkringan Mas Kodok,restaurant,-7.7781317,110.3816455,yogyakarta
12071141619,node,,restaurant,-7.5911339,110.7049918,yogyakarta
12078121075,node,Starbucks,cafe,-7.8999209,110.0579842,yogyakarta
12078149000,node,Pempek Ny. Kamto,restaurant,-7.7609418,110.3945828,yogyakarta
12078403962,node,Bakso & Mie Ayam Mo-Bal Wonogiri,restaurant,-7.8436115,110.3144915,yogyakarta
12078482210,node,Bakso & Mie Ayam Mo-Bal Wonogiri,restaurant,-7.8436115,110.3144915,yogyakarta
12090395675,node,Kedai Sawah Ndoro Bei,restaurant,-7.7790378,110.4913795,yogyakarta
12099972306,node,Kám-siā,cafe,-7.7673852,110.4706609,yogyakarta
12106329801,node,Burlo Gaguh Rasa 03,cafe,-7.7734847,110.393674,yogyakarta
12107786903,node,Mie Ayam Bandung 59,restaurant,-7.776339,110.3902359,yogyakarta
12107822901,node,Burger Hunter,restaurant,-7.7760115,110.3917853,yogyakarta
12112037001,node,Yammie,restaurant,-7.7768723,110.3929622,yogyakarta
12113979641,node,Mie Gacoan,restaurant,-7.6948159,110.6000423,yogyakarta
12114421513,node,Dua Kerbau Kopi & Roti,cafe,-7.735646,110.3988362,yogyakarta
12114570211,node,Nasi Goreng TBK,restaurant,-7.7828322,110.3794244,yogyakarta
12125905440,node,Es Coklat Impian,cafe,-7.7594323,110.4876326,yogyakarta
12131282771,node,Warung Kenayan,cafe,-7.7469695,110.4285018,yogyakarta
12151269551,node,CFC,restaurant,-7.5617005,110.7960952,yogyakarta
12159758929,node,Burjo Borneo,restaurant,-7.7788569,110.3801862,yogyakarta
12161618978,node,Coklat Cafe,cafe,-7.7788873,110.3753968,yogyakarta
12178345263,node,Mie Doyok Gejayan,restaurant,-7.7616394,110.3939345,yogyakarta
12181949403,node,Di Wedangku,cafe,-7.7419258,110.3985083,yogyakarta
12189911900,node,Warmindo Si Om,restaurant,-7.7421065,110.3982604,yogyakarta
12196570493,node,Warteg budi,restaurant,-7.5103997,110.5717256,yogyakarta
12201934278,node,Angkringan Anker,restaurant,-7.7467082,110.4813848,yogyakarta
12206924926,node,Ketoprak Sedap Malam,restaurant,-7.7568015,110.3948067,yogyakarta
12215779521,node,Warung Kopi Kabangan,cafe,-7.5703864,110.7986887,yogyakarta
12221446337,node,Waroeng Steak and Shake,restaurant,-7.7735935,110.404554,yogyakarta
12222151254,node,Boga-Bogi Restaurant,restaurant,-7.5414555,110.7675515,yogyakarta
12246260230,node,Seafood 99,restaurant,-7.75682,110.3948268,yogyakarta
12259403851,node,Geprek Bang Vijay,restaurant,-7.780674,110.370303,yogyakarta
12267936565,node,Warmindo Moro Rizky,restaurant,-7.7680741,110.4390338,yogyakarta
12291486193,node,Monalisa Burger,restaurant,-7.819783,110.3730567,yogyakarta
12292826799,node,Kandang Ingkung Resto&Kopi,restaurant,-7.8175307,110.2957094,yogyakarta
12298777166,node,Seraia Coffe & Grilled Chicken,cafe,-7.7492825,110.3651189,yogyakarta
12298778480,node,Skulen,cafe,-7.747246,110.3700126,yogyakarta
12298798465,node,Sekulen,cafe,-7.7471727,110.3701916,yogyakarta
12298809450,node,One Percent Coffee,cafe,-7.7583803,110.3724789,yogyakarta
12298846082,node,Halia Fruits Bar,cafe,-7.7645681,110.3850393,yogyakarta
12306917788,node,Abby Chicken Nashville,restaurant,-7.7742934,110.4144809,yogyakarta
12312897229,node,Angkringan Omah Semar,restaurant,-7.5556404,110.7860457,yogyakarta
12337486174,node,,cafe,-7.7619115,110.3695318,yogyakarta
12337486177,node,Ngoopsky Street Coffee Sleman Yogyakarta,cafe,-7.762009,110.3703983,yogyakarta
12337486185,node,,cafe,-7.759687,110.369698,yogyakarta
12337486186,node,,restaurant,-7.7595135,110.3696968,yogyakarta
12337486191,node,,restaurant,-7.7590607,110.3697921,yogyakarta
12337486192,node,,restaurant,-7.7590051,110.3697851,yogyakarta
12337502005,node,,restaurant,-7.7565291,110.3699707,yogyakarta
12337502009,node,,restaurant,-7.7568967,110.3699312,yogyakarta
12337502012,node,,restaurant,-7.756145,110.3708369,yogyakarta
12337502013,node,,restaurant,-7.7561786,110.3710704,yogyakarta
12337502015,node,,restaurant,-7.7561647,110.3708828,yogyakarta
12337502016,node,,restaurant,-7.7561588,110.3709526,yogyakarta
12337510568,node,,restaurant,-7.7517539,110.3733232,yogyakarta
12337510573,node,,restaurant,-7.7519295,110.3710378,yogyakarta
12337510579,node,,restaurant,-7.7523837,110.3709376,yogyakarta
12338231179,node,,restaurant,-7.7563275,110.3702646,yogyakarta
12338231180,node,,restaurant,-7.7564192,110.3702039,yogyakarta
12338231182,node,,restaurant,-7.7563711,110.370735,yogyakarta
12338231191,node,,restaurant,-7.7564418,110.3714966,yogyakarta
12338231192,node,,restaurant,-7.7564659,110.3715695,yogyakarta
12338305031,node,,restaurant,-7.7525754,110.3708365,yogyakarta
12338305032,node,,restaurant,-7.7526675,110.3707861,yogyakarta
12338305035,node,,restaurant,-7.7527636,110.3707796,yogyakarta
12338305043,node,,restaurant,-7.7540546,110.3703017,yogyakarta
12338305047,node,,restaurant,-7.7520572,110.3726747,yogyakarta
12338336987,node,,restaurant,-7.7544812,110.3701853,yogyakarta
12338747920,node,,restaurant,-7.7586697,110.3813753,yogyakarta
12338747921,node,,restaurant,-7.7585854,110.3814799,yogyakarta
12338747922,node,,restaurant,-7.758504,110.3814156,yogyakarta
12338747927,node,,restaurant,-7.7575584,110.3819115,yogyakarta
12338747930,node,,restaurant,-7.7572699,110.3819354,yogyakarta
12338747931,node,,restaurant,-7.7571323,110.3819936,yogyakarta
12338747934,node,,restaurant,-7.7567978,110.3822475,yogyakarta
12338747936,node,,restaurant,-7.7563302,110.3822893,yogyakarta
12338747940,node,,restaurant,-7.7548105,110.3830121,yogyakarta
12338747942,node,,cafe,-7.7546418,110.382131,yogyakarta
12338747943,node,,restaurant,-7.7547362,110.3819318,yogyakarta
12338747944,node,,restaurant,-7.7550777,110.3806105,yogyakarta
12338747947,node,,restaurant,-7.7556288,110.3780383,yogyakarta
12338747951,node,,restaurant,-7.756002,110.377427,yogyakarta
12338747952,node,,restaurant,-7.7561328,110.3773871,yogyakarta
12338747953,node,,restaurant,-7.7563182,110.3773418,yogyakarta
12338747955,node,Jatinangor House,restaurant,-7.7574333,110.377358,yogyakarta
12338747956,node,,restaurant,-7.757956,110.3772056,yogyakarta
12338747958,node,,cafe,-7.7576382,110.3783076,yogyakarta
12338747960,node,,restaurant,-7.7579189,110.3804728,yogyakarta
12338747963,node,,cafe,-7.7585789,110.3790729,yogyakarta
12338747973,node,,restaurant,-7.7550562,110.3795152,yogyakarta
12338747974,node,,cafe,-7.7548354,110.3799314,yogyakarta
12338747976,node,,restaurant,-7.7545973,110.3813149,yogyakarta
12338747977,node,,restaurant,-7.7545247,110.3814409,yogyakarta
12338747978,node,,restaurant,-7.7544869,110.3815171,yogyakarta
12338747979,node,,restaurant,-7.7544927,110.3816314,yogyakarta
12338747986,node,,cafe,-7.755203,110.3820385,yogyakarta
12338747989,node,,restaurant,-7.7564077,110.3813214,yogyakarta
12338747990,node,,restaurant,-7.7564577,110.3808227,yogyakarta
12338747991,node,,restaurant,-7.7562772,110.3805874,yogyakarta
12338747993,node,,restaurant,-7.7552731,110.3785563,yogyakarta
12338747995,node,,restaurant,-7.755588,110.3775189,yogyakarta
12338747996,node,,restaurant,-7.7554606,110.37964,yogyakarta
12338747997,node,,cafe,-7.7570155,110.3795505,yogyakarta
12350268581,node,Warung Kayu Manis,restaurant,-7.7537289,110.4858944,yogyakarta
12357438858,node,Pawon Semar,restaurant,-7.7963504,110.4652657,yogyakarta
12357538046,node,Bakso,restaurant,-7.7614211,110.3633072,yogyakarta
12357538052,node,Warung Makan,restaurant,-7.7596065,110.3640734,yogyakarta
12357538059,node,Gajah Mada 88,restaurant,-7.7591155,110.3660093,yogyakarta
12357566598,node,ARSY COFFEE,cafe,-7.750871,110.3662923,yogyakarta
12357566599,node,Bebek Goreng H. Slamet Jombor Jogja,restaurant,-7.7505851,110.3655911,yogyakarta
12357573603,node,Warmindo Ngemie,restaurant,-7.7516986,110.3652999,yogyakarta
12357578892,node,Bakso Soto Mie Ayam Pak Nono,restaurant,-7.751957,110.3652099,yogyakarta
12357595299,node,"Warung Santai ""Porong Blirik""",restaurant,-7.7556606,110.3644494,yogyakarta
12357595300,node,Bakso Tusuk Payaman Mas D cabang Imogiri,restaurant,-7.7555632,110.3647282,yogyakarta
12357606614,node,"Bakwan kawi bu jarwani, sinduadi",restaurant,-7.7530856,110.3666017,yogyakarta
12357612409,node,Warung makan bambu ibu,restaurant,-7.752777,110.3653628,yogyakarta
12357612412,node,Omah Sego Jogja,restaurant,-7.7529626,110.3649359,yogyakarta
12357632944,node,Rumah Makan Bu Dhe Ning,restaurant,-7.7539726,110.3648528,yogyakarta
12357632950,node,Kedai Makan Edelweyz,restaurant,-7.7544999,110.3647101,yogyakarta
12357632962,node,Geprek barokah,restaurant,-7.7546036,110.3662426,yogyakarta
12357642461,node,Warmindo Ngemie,restaurant,-7.751711,110.3652995,yogyakarta
12357642465,node,gudeg bu mugi,restaurant,-7.7556671,110.3653927,yogyakarta
12357642471,node,angkringan bu tari,restaurant,-7.7581166,110.3659861,yogyakarta
12357642474,node,warung laris,restaurant,-7.7552955,110.3644615,yogyakarta
12357642482,node,warung mbah jarwo,restaurant,-7.7558805,110.3665756,yogyakarta
12357642485,node,bakso tusuk payman mas d cabang imogiri,restaurant,-7.7555462,110.3647383,yogyakarta
12357642490,node,bakso bakar dan sempol ayam bos,restaurant,-7.7559919,110.3657285,yogyakarta
12357642495,node,ayam kremes & penyetan arjuna,restaurant,-7.7566833,110.3653712,yogyakarta
12357671701,node,es coklat den bagus,cafe,-7.7572789,110.3657797,yogyakarta
12401601584,node,Warmindo Moro Rizky,restaurant,-7.7680649,110.439036,yogyakarta
12419017044,node,GENKU,restaurant,-7.739908,110.3923698,yogyakarta
12424975863,node,Soto Lamongan Cak Ahmad,restaurant,-7.7549109,110.4102529,yogyakarta
12440066724,node,Kasmaran,restaurant,-7.7950715,110.3654211,yogyakarta
12440284603,node,TUKU - Kotabaru,cafe,-7.785612,110.3739764,yogyakarta
12467661806,node,Pawon Sambal Mbroti,restaurant,-7.6376268,110.755998,yogyakarta
12468698004,node,Warung Makan Amin,cafe,-8.023048,110.3315137,yogyakarta
12476174707,node,PREKSU UMY,restaurant,-7.8148015,110.3233927,yogyakarta
12477945413,node,Haka Grill,restaurant,-7.7679021,110.4007985,yogyakarta
12480021219,node,Warung Siomay Kang Yuda,restaurant,-7.7439794,110.4715643,yogyakarta
12483898634,node,Mie Bonafide,restaurant,-7.7744579,110.4092358,yogyakarta
12487683760,node,Malica Coffee House,cafe,-7.752232,110.4832293,yogyakarta
12487725502,node,Resto Caping,restaurant,-7.6147939,110.1914056,yogyakarta
12565333697,node,Mie Kriting Medan,restaurant,-7.7666125,110.3613539,yogyakarta
12583035075,node,Nasi Kuning Kanda,restaurant,-7.8294869,110.3801922,yogyakarta
12583035097,node,Manoban,restaurant,-7.829924,110.3802813,yogyakarta
12583035098,node,Seblak Prasmanan Bariklana,restaurant,-7.830277,110.3803432,yogyakarta
12583035099,node,Sate Ayam Madura Cak,restaurant,-7.8304174,110.3803723,yogyakarta
12583035100,node,Om Joy,restaurant,-7.8301948,110.3801565,yogyakarta
12583061751,node,Bumi Seduh Coffee,cafe,-7.828852,110.3802925,yogyakarta
12583061759,node,Pawon Kremesan Budhé,restaurant,-7.8291341,110.3798478,yogyakarta
12587004183,node,SAKÉCA,restaurant,-7.770214,110.3050677,yogyakarta
12598979921,node,Solaria,restaurant,-7.7906132,110.3659882,yogyakarta
12609603197,node,Warung Kopi Centhong Jawa,restaurant,-7.7493558,110.458474,yogyakarta
12630051330,node,Jiwajawi,restaurant,-7.8402913,110.2922891,yogyakarta
12644647518,node,The Capsule,cafe,-7.7914592,110.364819,yogyakarta
12666427937,node,Wizzmie,restaurant,-7.7826066,110.3914036,yogyakarta
12709719456,node,Warung Naliko,cafe,-7.7744974,110.4526021,yogyakarta
12717787547,node,Garasi 56,restaurant,-7.7819584,110.3636078,yogyakarta
12717822277,node,Backyard Smoke and Buns,restaurant,-7.7809245,110.3620479,yogyakarta
12743402576,node,City Grill,restaurant,-7.8194988,110.3681692,yogyakarta
12743402579,node,Sekar Pizza,restaurant,-7.8187959,110.3666073,yogyakarta
12743402581,node,Masama,restaurant,-7.8187394,110.3647457,yogyakarta
12743402582,node,Chicken Shack,restaurant,-7.8185648,110.3661823,yogyakarta
12798085856,node,,restaurant,-7.7938654,110.3651853,yogyakarta
12799739642,node,Gudeg Yu Djum,restaurant,-7.8044999,110.3667968,yogyakarta
12811204496,node,Gudeg Yu Djum,restaurant,-7.8045266,110.366767,yogyakarta
12813488629,node,Bakmi Jowo,restaurant,-7.805098,110.3648745,yogyakarta
12813488630,node,Special Bakmi dan Nasi Goreng,restaurant,-7.8052657,110.3652756,yogyakarta
12813657239,node,Cafe Kehutanan UGM,cafe,-7.7666219,110.3791097,yogyakarta
12830072018,node,Bale Raos,restaurant,-7.8084916,110.3631225,yogyakarta
12838647909,node,Sate Klathak Pak Pong,restaurant,-7.8714433,110.3874765,yogyakarta
12838748896,node,House of Raminten,restaurant,-7.7851589,110.3715184,yogyakarta
12839885291,node,,restaurant,-7.5226428,110.5989919,yogyakarta
12840032732,node,tengkleng bhendjoyo kraton,restaurant,-7.8027932,110.3656104,yogyakarta
12846512154,node,ge0fee,restaurant,-7.7903094,110.363241,yogyakarta
12848222396,node,Chatime,cafe,-7.7808184,110.3499445,yogyakarta
12850023467,node,Dua Tiga Cafe,cafe,-7.8739116,110.3450824,yogyakarta
12850076636,node,Seblak Endul,restaurant,-7.873704,110.3450062,yogyakarta
12851139778,node,java terrace,restaurant,-7.5626005,110.7985209,yogyakarta
12852483671,node,Fasól,restaurant,-7.7037125,110.5937817,yogyakarta
12852497939,node,Penyetan Mbok Galak,restaurant,-7.7030363,110.5945622,yogyakarta
12852498419,node,Soto Kota Lamongan Mbok Ni,restaurant,-7.7039995,110.5935906,yogyakarta
12854802428,node,Kedai Makan Mbak Pesta,restaurant,-7.6693654,110.4230997,yogyakarta
12854814275,node,Seblak PAW,restaurant,-7.8788233,110.331268,yogyakarta
12861793152,node,Jus Al Kareem,cafe,-7.8627949,110.3360177,yogyakarta
12865947382,node,Bakmi Jowo Mas Joyo,restaurant,-7.7501237,110.422574,yogyakarta
12865957949,node,,restaurant,-7.7503237,110.4234265,yogyakarta
12865957950,node,Warung sate kambing jaya rasa seger,restaurant,-7.7503092,110.4234233,yogyakarta
12866147178,node,Kopi Inah,cafe,-7.8145488,110.4146606,yogyakarta
12868899881,node,Warung Pak Gandung,restaurant,-7.7021876,110.4128523,yogyakarta
12869164328,node,Mie Ayam Jolali wonogiri,restaurant,-7.7027365,110.4125279,yogyakarta
12870617381,node,Warmindo Argani,cafe,-7.7329404,110.4394276,yogyakarta
12875235013,node,Sambel Colek,restaurant,-7.7756569,110.4084173,yogyakarta
12880769774,node,Yamie Singkawang,restaurant,-7.8141018,110.3685087,yogyakarta
12905612292,node,Lele Crispy & Lele Geprek Mba Reva,restaurant,-7.8239557,110.3621637,yogyakarta
12919010895,node,BAKSO IGA GEDONGAN,restaurant,-7.5135483,110.777083,yogyakarta
12920877981,node,Depot Sintaka,restaurant,-7.7824524,110.3656192,yogyakarta
12920877982,node,Madam Tan Indonesian Food,restaurant,-7.7751711,110.3749082,yogyakarta
12953093883,node,Warung lek karni,cafe,-7.8150537,110.7666249,yogyakarta
12965795201,node,,restaurant,-7.6075351,110.2283671,yogyakarta
12976351472,node,Melek Huruf,cafe,-7.6313179,110.2335418,yogyakarta
12986835860,node,KALIKCA Ayam Geprek & Rice Bowl,restaurant,-7.9960882,110.6487558,yogyakarta
12986889867,node,The Angkringan Resto KANATA BEEBAKARANT,restaurant,-7.964908,110.6079114,yogyakarta
13018827064,node,Kalis Kitchen,restaurant,-7.78037,110.3767006,yogyakarta
13020345843,node,Tugu Lor,cafe,-7.7743483,110.3682132,yogyakarta
13040639201,node,Bolo Space,cafe,-7.7886245,110.3723604,yogyakarta
13086085481,node,Fore Coffee,cafe,-7.7830052,110.4014645,yogyakarta
13108138837,node,Kampung Kali,restaurant,-7.5744311,110.2464622,yogyakarta
13111983539,node,Crônica Workspace,cafe,-7.7755521,110.3681848,yogyakarta
13140221101,node,Waroeng Omah Sawah,restaurant,-7.8714426,110.3463227,yogyakarta
13146593064,node,,cafe,-7.8013952,110.3717204,yogyakarta
13154691101,node,Twincrabs,restaurant,-7.7717934,110.432707,yogyakarta
13159126201,node,Selarasa,restaurant,-7.7989182,110.3626302,yogyakarta
13172443101,node,Pecel Lele Maju Roso 2,restaurant,-7.701194,110.4174526,yogyakarta
13172515601,node,Angkringan Wedangan Sumilir,restaurant,-7.697349,110.4425283,yogyakarta
13172863117,node,Tanamera Coffee Indonesia,cafe,-7.7825671,110.3676318,yogyakarta
13176743787,node,Blue Heron,restaurant,-7.7503282,110.4011785,yogyakarta
13185599001,node,Warmindo Najwa,restaurant,-7.7780545,110.3846181,yogyakarta
13208007201,node,Awan Mbengi,cafe,-7.7302677,110.3970674,yogyakarta
13208462673,node,Warung Makan Pak Kardi,restaurant,-7.7717657,110.4328728,yogyakarta
13234995111,node,Bakso Pikul,restaurant,-7.7050844,110.4441594,yogyakarta
13236130591,node,Soto Sor Pring,restaurant,-7.7022979,110.4443629,yogyakarta
13240403715,node,Domore Cafe,cafe,-7.7796768,110.3769541,yogyakarta
13242241694,node,Mi Ayam & Bakso Pak Kabul,restaurant,-7.6836474,110.4365781,yogyakarta
13249217431,node,Mavia Bakso,restaurant,-7.7078348,110.3920179,yogyakarta
13253639617,node,Penyetan Pakman,restaurant,-7.7705444,110.3589481,yogyakarta
13255656628,node,Couvee Reside,cafe,-7.7812392,110.3774213,yogyakarta
13258930446,node,Bakso Pak Waluh,restaurant,-7.7711583,110.4315897,yogyakarta
13260529301,node,Joglo Bakso Pikul Enak,restaurant,-7.7050695,110.4441,yogyakarta
13279121379,node,Nabe Coffee,cafe,-7.7769584,110.3927627,yogyakarta
13288406606,node,Sabdo'roso Soto,restaurant,-7.734634,110.3407153,yogyakarta
13289052768,node,Gulai Tjap Nyonya,restaurant,-7.7762846,110.3954124,yogyakarta
13321369978,node,Soto Hollywood,restaurant,-7.6975394,110.4167492,yogyakarta
13322251895,node,Prameswari Resto & Kopi,restaurant,-7.7836447,110.4124637,yogyakarta
13323384376,node,Kopi Galia,restaurant,-7.6027366,110.44884,yogyakarta
13323530570,node,Sategedhe Pasar Minggir,restaurant,-7.7324591,110.243338,yogyakarta
13333823601,node,Resto 3 Raja,restaurant,-7.741975,110.3847867,yogyakarta
13362660125,node,,cafe,-7.9668427,110.5898854,yogyakarta
13362660126,node,Kanca Curhat Snack 🥨 Cafe,cafe,-7.9800823,110.5399222,yogyakarta
13386284401,node,Dapur Memayu Ngampilan,restaurant,-7.7964061,110.3566512,yogyakarta
13401507880,node,Pawon Mrican,restaurant,-7.7744927,110.3937597,yogyakarta
13429708950,node,Warmindo TN,restaurant,-7.7628523,110.423927,yogyakarta
13430636401,node,HS Coffee Social Space,cafe,-7.7757694,110.4117814,yogyakarta
13434256392,node,"Kopi Johar, Kedai Kopi Yogyakarta",cafe,-7.7744981,110.3951265,yogyakarta
13447860062,node,Lesung,restaurant,-7.7844383,110.5140468,yogyakarta
13478395093,node,PLAI Café,cafe,-7.7412954,110.4331917,yogyakarta
13515989421,node,Sego Welut,restaurant,-7.7610338,110.291391,yogyakarta
13523545635,node,Sego Empal mBah Èdhèg,restaurant,-7.7691937,110.4637035,yogyakarta
13523576222,node,Njonja Belanda,restaurant,-7.744353,110.4614561,yogyakarta
13545314152,node,Campagna,cafe,-7.773968,110.4005787,yogyakarta
13546388001,node,Candhari Heaven,restaurant,-7.7682635,110.491798,yogyakarta
13564037307,node,Angkringan Pitoe,cafe,-7.5261193,110.2448748,yogyakarta
13565871196,node,Warung,restaurant,-8.0023684,110.3285746,yogyakarta
13572704602,node,Bulak Pari view (warung),cafe,-7.8413146,110.3263463,yogyakarta
13573729794,node,Kedai Kopi Rivea,cafe,-7.7091385,110.355438,yogyakarta
13574830501,node,Candi Tirto Raharjo,restaurant,-7.8424088,110.3374764,yogyakarta
13611063201,node,Angkingan (Modern) Tjakruk,restaurant,-7.8477477,110.1596675,yogyakarta
13641144601,node,Arun 78,restaurant,-7.7815153,110.3622174,yogyakarta
13644551301,node,Bakso Dawet Ringin Pak Bardi Jogja,restaurant,-7.8026224,110.4145397,yogyakarta
13645538601,node,Ronde RaDen,restaurant,-7.7812166,110.3607656,yogyakarta
13649004102,node,Bu Rosa,restaurant,-7.548796,110.7326868,yogyakarta
13649499801,node,RM. Ombak Piaman,restaurant,-7.554937,110.7734234,yogyakarta
13652404301,node,Almaz Fried Chicken,restaurant,-7.5381764,110.7457178,yogyakarta
13652406001,node,TOMORO COFFEE,cafe,-7.5383043,110.7456657,yogyakarta
13685665032,node,Nasi Padang Padi Rimbun,restaurant,-7.7207081,110.4027276,yogyakarta
13685665034,node,Jual Bakso & Mi Ayam,restaurant,-7.7206261,110.4027991,yogyakarta
13697331551,node,Bakso Ndeso,restaurant,-7.7040631,110.4312685,yogyakarta
13704675090,node,Pawon Tempuran by Toto Dahar,restaurant,-7.7250582,110.4017789,yogyakarta
13704675093,node,RM. Padang Buyung Upik,restaurant,-7.7177884,110.4048775,yogyakarta
13704675095,node,Bebek Subsidi Jogja - Kaliurang,restaurant,-7.7166705,110.405845,yogyakarta
13704688893,node,Warung Ayam Geprek,restaurant,-7.7263311,110.3989429,yogyakarta
13704688899,node,"SENOR POOL AND CAFE, Yogyakarta",cafe,-7.7267755,110.399859,yogyakarta
13704688900,node,Padang Murah,restaurant,-7.7268675,110.3997626,yogyakarta
13704701961,node,Nasi Padang,restaurant,-7.7199491,110.3996855,yogyakarta
13704701962,node,Jual Gorengan,restaurant,-7.7199021,110.3998962,yogyakarta
13704701965,node,Jual Degan Kelapa Muda,restaurant,-7.7203035,110.4019292,yogyakarta
13704701970,node,Kremesan Raihan,restaurant,-7.7231264,110.3999772,yogyakarta
13704784221,node,Joglo Kerto Darmo,restaurant,-7.7571527,110.2947491,yogyakarta
13707366169,node,Mie Ayam dan Bakso Remaja,restaurant,-7.7770252,110.4351639,yogyakarta
13741892301,node,,restaurant,-7.5454315,110.774424,yogyakarta
13747609501,node,Wawawa Express,cafe,-7.5110017,110.7774853,yogyakarta
13792761343,node,Champa Jogja,cafe,-7.8413312,110.325352,yogyakarta
13797623341,node,Bakso Pratama,restaurant,-7.9073533,110.3436071,yogyakarta
13797641008,node,GeBack,cafe,-7.7796962,110.3768438,yogyakarta
13797644484,node,Warung Medan,restaurant,-7.7649203,110.3817391,yogyakarta
13797646707,node,Sender Coffe,cafe,-7.7656621,110.3787078,yogyakarta
13797647616,node,TETRA Coffe & Eatery,cafe,-7.7803164,110.3779374,yogyakarta
13797657004,node,Ikan Asap Pakbe,restaurant,-7.7617057,110.3703423,yogyakarta
13800394611,node,Papiti Jogja,restaurant,-7.7496806,110.438432,yogyakarta
13800427716,node,Bakmi Jowo Mbah Gito,restaurant,-7.8132945,110.3971573,yogyakarta
13800449020,node,KOS KOOR PESISIR & BATHI,cafe,-7.7648131,110.3836463,yogyakarta
13800629157,node,Bu Kadek Khas Bali,restaurant,-7.7713681,110.4467901,yogyakarta
13805925392,node,Tempo Gelato Kaliurang,cafe,-7.7626178,110.3794634,yogyakarta
13805940389,node,LOS CIKEN JAKAL,cafe,-7.7635067,110.3780703,yogyakarta
13807025266,node,Sate Kambing,restaurant,-7.8620185,110.5404047,yogyakarta
13817640323,node,Warung Steak Cemil,restaurant,-7.7776747,110.383741,yogyakarta
13817641138,node,Preksu Ayam Geprek & Susu,restaurant,-7.7777338,110.385055,yogyakarta
13821062250,node,Warung Mas Gombloh,cafe,-7.7542641,110.4130393,yogyakarta
13821631441,node,Cold 'N Brew - Jakal,cafe,-7.756,110.3829228,yogyakarta
13821660104,node,Risol Pandega Viral,restaurant,-7.7563813,110.3740711,yogyakarta
13830733720,node,WZONE (Gym & Cafe),cafe,-7.8164264,110.3859337,yogyakarta
13831538040,node,Rise Game Net,internet_cafe,-7.798785,110.4084313,yogyakarta
13838851674,node,,cafe,-7.7990933,110.3723329,yogyakarta
13847755025,node,Nasi Goreng Athaya,restaurant,-7.8114727,110.3280642,yogyakarta
13860810434,node,Amandha Chicken Geprek,restaurant,-7.7582395,110.4811075,yogyakarta
13860810435,node,Uncle John Coffee and Bakmi Jawa,cafe,-7.7629948,110.4822744,yogyakarta
13866094473,node,ayam geprek shadian,restaurant,-7.7727931,110.1916117,yogyakarta
13866094474,node,Warung Makan Bu Rosella,restaurant,-7.7728354,110.1908413,yogyakarta
13866094476,node,warung mie ayam,restaurant,-7.7730154,110.1923531,yogyakarta
13866094477,node,nasi padang,restaurant,-7.772927,110.1921905,yogyakarta
13866912902,node,Kantor pusat Omah Sambal Huh Haah,restaurant,-7.7637818,110.4826146,yogyakarta
13866990249,node,Bakwan Kawi 'DekNuna',restaurant,-7.7820612,110.3707564,yogyakarta
13868283670,node,Angkringan Reeneo,restaurant,-7.8466066,110.3561643,yogyakarta
13868283675,node,,restaurant,-7.8467384,110.3560633,yogyakarta
13868283676,node,,restaurant,-7.8469988,110.3560547,yogyakarta
13868283678,node,,restaurant,-7.8462226,110.3561067,yogyakarta
13868283679,node,Warmindo,restaurant,-7.8461238,110.3561174,yogyakarta
13908748147,node,Bakso Goyang Lidah,restaurant,-7.7021055,110.4470741,yogyakarta
13947705774,node,Haiwang Chinese Food,restaurant,-7.9736826,110.5903678,yogyakarta
13947781981,node,Pule,cafe,-7.9724565,110.6072112,yogyakarta
13974289301,node,Cething Jawa Tea & Resto,restaurant,-7.9783729,110.5934602,yogyakarta
13987355020,node,Super Chicken,restaurant,-7.7765684,110.4352219,yogyakarta
13995906451,node,,cafe,-7.5155436,110.4528395,yogyakarta
14000185079,node,Tebing Gunung Gajah,restaurant,-7.7769327,110.1076419,yogyakarta
14002433003,node,Buffet,restaurant,-7.7792936,110.4000838,yogyakarta
14005115701,node,Karsa Cafe,cafe,-7.8680352,110.1550436,yogyakarta
14017971801,node,Pecel Lele Sujadhi,restaurant,-7.703496,110.424053,yogyakarta
14028326756,node,"Marhaba Flavors Restoran – Chicken Fry, Biryani, BBQ & Shawarma - Condongcatur Yogyakarta",restaurant,-7.7577822,110.4088699,yogyakarta
14030465401,node,Arka Coffee and Space,cafe,-7.810014,110.3603009,yogyakarta
14038653202,node,Longkang Kotagede,cafe,-7.831188,110.4000455,yogyakarta
14045790101,node,Ayam Bakar Mas Jaya,restaurant,-7.8142057,110.321045,yogyakarta
14047815801,node,Lotek & Gado-Gado Bu Denok,restaurant,-7.7448346,110.4195806,yogyakarta
14048247427,node,Nasi Goreng Mas Rifan,restaurant,-7.8141827,110.3209295,yogyakarta
14048257670,node,Ayam Goreng Pak Sip UMY,restaurant,-7.8143167,110.3210904,yogyakarta
14048269868,node,Uni Ita,restaurant,-7.8143551,110.3213888,yogyakarta
14048302102,node,Warmindo Raja Vitamin 1,restaurant,-7.8143172,110.3215175,yogyakarta
14048930647,node,Bubur Ayam Khas Jakarta Spesial Mas Coboy,restaurant,-7.8142908,110.3209363,yogyakarta
14048949067,node,Geprekin Aja UMY,restaurant,-7.8141835,110.3202498,yogyakarta
14048971992,node,Kedai Aduhai,restaurant,-7.8147542,110.3208193,yogyakarta
14048980538,node,Warmindo Burjonya Babe 03,restaurant,-7.8146138,110.3207347,yogyakarta
14048995634,node,Ayam Goreng Noosantara,restaurant,-7.8141705,110.3201361,yogyakarta
14049006534,node,Warmindo Kuda Mandiri,restaurant,-7.8141772,110.3201805,yogyakarta
14060220904,node,Sate Kambing Pakdhe Shingkeer,restaurant,-7.6596476,110.4010625,yogyakarta
14067962706,node,Rumah Makan Sinar Minang,restaurant,-7.7919691,110.386189,yogyakarta
14072218501,node,Warung Sorwit,restaurant,-7.7871271,110.378718,yogyakarta
14085017723,node,Kedai Picpic,cafe,-7.9614106,110.6010041,yogyakarta
14085062447,node,Kopi Kenangan,cafe,-7.9610697,110.596222,yogyakarta
14085062448,node,Timber Coffee,cafe,-7.9612964,110.5959194,yogyakarta
14085062449,node,Warung HL KopilanbrongkoS,cafe,-7.9706871,110.6010313,yogyakarta
14085062451,node,Sender,cafe,-7.9692918,110.6044992,yogyakarta
14085062452,node,Raye Coffee,cafe,-7.9675129,110.6046906,yogyakarta
14085062453,node,Belikopi,cafe,-7.9678262,110.6048532,yogyakarta
14085062454,node,Homwok,cafe,-7.9717846,110.6071571,yogyakarta
14085098835,node,Momoyo,cafe,-7.9665797,110.6016776,yogyakarta
14085098837,node,Roha Coffee Books & Creative Space,cafe,-7.9476332,110.5841034,yogyakarta
14085098844,node,Aroem Gendhis,cafe,-7.9327631,110.5707413,yogyakarta
14085161549,node,Haes Coffee,cafe,-7.9754022,110.5960666,yogyakarta
14085161553,node,Roetin Caffee,cafe,-7.9704555,110.5969761,yogyakarta
14085161555,node,Mixue,cafe,-7.9622813,110.6017742,yogyakarta
14085161558,node,Mixue,cafe,-7.9738187,110.6087522,yogyakarta
14102203703,node,Ekstens Coffee,cafe,-7.7987469,110.4090773,yogyakarta
14103130698,node,Kedai Argani Coffee,cafe,-7.7521399,110.4654477,yogyakarta
14112276131,node,Kaizen BBQ,restaurant,-7.7666181,110.3619203,yogyakarta
14118902701,node,Masakan Khas Bali Bu Ayu,restaurant,-7.7925405,110.4014148,yogyakarta
14127615901,node,Nitik Coffee,cafe,-7.9934199,110.6421037,yogyakarta
14127615906,node,Foodtosyntesa,cafe,-7.991891,110.6396652,yogyakarta
14127615907,node,Un Caffe & Resto,cafe,-7.9607432,110.6035155,yogyakarta
14127615908,node,Semesta Coffee,cafe,-7.9583857,110.6036363,yogyakarta
14127615909,node,Zarvé Coffee by Alzara,cafe,-7.9681364,110.5923452,yogyakarta
14132573902,node,Bakso dan Mie Ayam Putra Jaya,restaurant,-7.722457,110.4381717,yogyakarta
14132855678,node,Omah Jadah Mbah Rubi,restaurant,-7.5017646,110.4589407,yogyakarta
14132855679,node,Warung Gunung,restaurant,-7.5019499,110.4590925,yogyakarta
14134313780,node,Soto Seger Hj. Fatimah,restaurant,-7.6915745,110.6021671,yogyakarta
14184100401,node,Rumah Makan Rata Rata,restaurant,-7.7026608,110.4211511,yogyakarta
14189479401,node,The Rock Burger,restaurant,-7.7337202,110.3876168,yogyakarta
14189479801,node,Noted.,cafe,-7.7337718,110.3883476,yogyakarta
14190999901,node,Warmindo Satria,restaurant,-7.7024115,110.4464719,yogyakarta
14208366438,node,Sate Kambing Bangjo,restaurant,-7.7553202,110.4963773,yogyakarta
14211255898,node,Warung Ijo Pak Pardi,restaurant,-7.5931169,110.4280852,yogyakarta
14211283352,node,Kebon Kana,restaurant,-7.6240608,110.4244808,yogyakarta
14211285286,node,Wedangan Lodji,cafe,-7.5916542,110.4275476,yogyakarta
14213404319,node,Ozmo Coffee,cafe,-7.7024479,110.4270067,yogyakarta
14213416875,node,Warung Bebek Shinjay,restaurant,-7.7007373,110.4157551,yogyakarta
14213421228,node,Mooncan,cafe,-7.602326,110.2252252,yogyakarta
14213426002,node,Warung Soto 2,restaurant,-7.6486098,110.3910935,yogyakarta
14238542199,node,Baratugu Coffee,cafe,-7.7827465,110.3667466,yogyakarta
14238564987,node,Joglo Panglipuran Borobudur,restaurant,-7.6035847,110.2177045,yogyakarta
14238569958,node,Warung Sate Tongseng Mbak Ning,restaurant,-7.6026923,110.2248931,yogyakarta
14238595333,node,Omman Coffee,cafe,-7.7830684,110.3668157,yogyakarta
14245886401,node,Kopi Paris,restaurant,-8.0229547,110.3358015,yogyakarta
14247087501,node,Soto Mbok Yem Boyolali,restaurant,-7.7533879,110.4477381,yogyakarta
14249511259,node,Angop Selow Bar,cafe,-7.5399195,110.3357493,yogyakarta
